"db","group","conc_m3","min_d","max_d","mp","stationid"
"(0,40]","bv55c1",3.06719691946338,0,40,20,"gf"
"(0,40]","bv55c1",0,0,40,20,"gf"
"(0,40]","bv55c1",0,0,40,20,"gf"
"(1.1e+03,1.2e+03]","bv55c1",6.05517609926613,1100,1200,1150,"gf"
"(1.1e+03,1.2e+03]","bv55c1",0,1100,1200,1150,"gf"
"(1.1e+03,1.2e+03]","bv55c1",0,1100,1200,1150,"gf"
"(1.2e+03,1.3e+03]","bv55c1",4.19945983495492,1200,1300,1250,"gf"
"(1.2e+03,1.3e+03]","bv55c1",0,1200,1300,1250,"gf"
"(1.2e+03,1.3e+03]","bv55c1",0,1200,1300,1250,"gf"
"(120,160]","bv55c1",28.2827469809467,120,160,140,"gf"
"(120,160]","bv55c1",0,120,160,140,"gf"
"(120,160]","bv55c1",0,120,160,140,"gf"
"(160,200]","bv55c1",2.0821337223632,160,200,180,"gf"
"(160,200]","bv55c1",0,160,200,180,"gf"
"(160,200]","bv55c1",0,160,200,180,"gf"
"(1e+03,1.1e+03]","bv55c1",0,1000,1100,1050,"gf"
"(1e+03,1.1e+03]","bv55c1",0,1000,1100,1050,"gf"
"(1e+03,1.1e+03]","bv55c1",0,1000,1100,1050,"gf"
"(200,300]","bv55c1",0,200,300,250,"gf"
"(200,300]","bv55c1",0,200,300,250,"gf"
"(200,300]","bv55c1",0,200,300,250,"gf"
"(300,400]","bv55c1",0.585752717572566,300,400,350,"gf"
"(300,400]","bv55c1",0,300,400,350,"gf"
"(300,400]","bv55c1",0,300,400,350,"gf"
"(40,80]","bv55c1",6.82678444754353,40,80,60,"gf"
"(40,80]","bv55c1",0.361432557066209,40,80,60,"gf"
"(40,80]","bv55c1",0,40,80,60,"gf"
"(400,500]","bv55c1",1.8899926938561,400,500,450,"gf"
"(400,500]","bv55c1",0,400,500,450,"gf"
"(400,500]","bv55c1",0,400,500,450,"gf"
"(500,600]","bv55c1",0.205943357961921,500,600,550,"gf"
"(500,600]","bv55c1",0,500,600,550,"gf"
"(500,600]","bv55c1",0,500,600,550,"gf"
"(600,700]","bv55c1",1.57108607436871,600,700,650,"gf"
"(600,700]","bv55c1",0,600,700,650,"gf"
"(600,700]","bv55c1",0,600,700,650,"gf"
"(700,800]","bv55c1",0.617389834823426,700,800,750,"gf"
"(700,800]","bv55c1",1.0184017696341,700,800,750,"gf"
"(700,800]","bv55c1",0,700,800,750,"gf"
"(80,120]","bv55c1",9.2701594399499,80,120,100,"gf"
"(80,120]","bv55c1",0.534300191525874,80,120,100,"gf"
"(80,120]","bv55c1",0,80,120,100,"gf"
"(800,900]","bv55c1",0.266332193304206,800,900,850,"gf"
"(800,900]","bv55c1",0,800,900,850,"gf"
"(800,900]","bv55c1",0,800,900,850,"gf"
"(900,1e+03]","bv55c1",0,900,1000,950,"gf"
"(900,1e+03]","bv55c1",0,900,1000,950,"gf"
"(900,1e+03]","bv55c1",0,900,1000,950,"gf"
"(0,40]","bv55c11",0.708829884022102,0,40,20,"st3"
"(0,40]","bv55c11",9.10233143182808,0,40,20,"st3"
"(0,40]","bv55c11",2.01511615854417,0,40,20,"st3"
"(0,40]","bv55c11",0,0,40,20,"st3"
"(0,40]","bv55c11",0,0,40,20,"st3"
"(1.1e+03,1.2e+03]","bv55c11",5.79512619831881,1100,1200,1150,"st3"
"(1.1e+03,1.2e+03]","bv55c11",0.960978245886957,1100,1200,1150,"st3"
"(1.1e+03,1.2e+03]","bv55c11",0,1100,1200,1150,"st3"
"(1.1e+03,1.2e+03]","bv55c11",0,1100,1200,1150,"st3"
"(1.1e+03,1.2e+03]","bv55c11",0,1100,1200,1150,"st3"
"(1.2e+03,1.3e+03]","bv55c11",0,1200,1300,1250,"st3"
"(1.2e+03,1.3e+03]","bv55c11",0,1200,1300,1250,"st3"
"(1.2e+03,1.3e+03]","bv55c11",0,1200,1300,1250,"st3"
"(1.2e+03,1.3e+03]","bv55c11",0,1200,1300,1250,"st3"
"(1.2e+03,1.3e+03]","bv55c11",0,1200,1300,1250,"st3"
"(1.3e+03,1.4e+03]","bv55c11",0.210584540192924,1300,1400,1350,"st3"
"(1.3e+03,1.4e+03]","bv55c11",32.5252794408036,1300,1400,1350,"st3"
"(1.3e+03,1.4e+03]","bv55c11",0,1300,1400,1350,"st3"
"(1.3e+03,1.4e+03]","bv55c11",0,1300,1400,1350,"st3"
"(1.3e+03,1.4e+03]","bv55c11",0,1300,1400,1350,"st3"
"(1.4e+03,1.6e+03]","bv55c11",74.2168457966864,1400,1600,1500,"st3"
"(1.4e+03,1.6e+03]","bv55c11",0.977357953734179,1400,1600,1500,"st3"
"(1.4e+03,1.6e+03]","bv55c11",0,1400,1600,1500,"st3"
"(1.4e+03,1.6e+03]","bv55c11",0,1400,1600,1500,"st3"
"(1.4e+03,1.6e+03]","bv55c11",0,1400,1600,1500,"st3"
"(1.6e+03,1.8e+03]","bv55c11",1.15135077980066,1600,1800,1700,"st3"
"(1.6e+03,1.8e+03]","bv55c11",0,1600,1800,1700,"st3"
"(1.6e+03,1.8e+03]","bv55c11",0,1600,1800,1700,"st3"
"(1.6e+03,1.8e+03]","bv55c11",0,1600,1800,1700,"st3"
"(1.6e+03,1.8e+03]","bv55c11",0,1600,1800,1700,"st3"
"(1.8e+03,2e+03]","bv55c11",23.798738663079,1800,2000,1900,"st3"
"(1.8e+03,2e+03]","bv55c11",0,1800,2000,1900,"st3"
"(1.8e+03,2e+03]","bv55c11",0,1800,2000,1900,"st3"
"(1.8e+03,2e+03]","bv55c11",0,1800,2000,1900,"st3"
"(1.8e+03,2e+03]","bv55c11",0,1800,2000,1900,"st3"
"(120,160]","bv55c11",0,120,160,140,"st3"
"(120,160]","bv55c11",0,120,160,140,"st3"
"(120,160]","bv55c11",0,120,160,140,"st3"
"(120,160]","bv55c11",0,120,160,140,"st3"
"(120,160]","bv55c11",0,120,160,140,"st3"
"(160,200]","bv55c11",0,160,200,180,"st3"
"(160,200]","bv55c11",0,160,200,180,"st3"
"(160,200]","bv55c11",0,160,200,180,"st3"
"(160,200]","bv55c11",0,160,200,180,"st3"
"(160,200]","bv55c11",0,160,200,180,"st3"
"(1e+03,1.1e+03]","bv55c11",5.86159466272563,1000,1100,1050,"st3"
"(1e+03,1.1e+03]","bv55c11",0,1000,1100,1050,"st3"
"(1e+03,1.1e+03]","bv55c11",0,1000,1100,1050,"st3"
"(1e+03,1.1e+03]","bv55c11",0,1000,1100,1050,"st3"
"(1e+03,1.1e+03]","bv55c11",0,1000,1100,1050,"st3"
"(2.2e+03,2.4e+03]","bv55c11",0.517021847976724,2200,2400,2300,"st3"
"(2.2e+03,2.4e+03]","bv55c11",0,2200,2400,2300,"st3"
"(2.2e+03,2.4e+03]","bv55c11",0,2200,2400,2300,"st3"
"(2.2e+03,2.4e+03]","bv55c11",0,2200,2400,2300,"st3"
"(2.2e+03,2.4e+03]","bv55c11",0,2200,2400,2300,"st3"
"(2.4e+03,2.6e+03]","bv55c11",0.740929715341596,2400,2600,2500,"st3"
"(2.4e+03,2.6e+03]","bv55c11",0,2400,2600,2500,"st3"
"(2.4e+03,2.6e+03]","bv55c11",0,2400,2600,2500,"st3"
"(2.4e+03,2.6e+03]","bv55c11",0,2400,2600,2500,"st3"
"(2.4e+03,2.6e+03]","bv55c11",0,2400,2600,2500,"st3"
"(2.6e+03,2.8e+03]","bv55c11",0.268068290216301,2600,2800,2700,"st3"
"(2.6e+03,2.8e+03]","bv55c11",0,2600,2800,2700,"st3"
"(2.6e+03,2.8e+03]","bv55c11",0,2600,2800,2700,"st3"
"(2.6e+03,2.8e+03]","bv55c11",0,2600,2800,2700,"st3"
"(2.6e+03,2.8e+03]","bv55c11",0,2600,2800,2700,"st3"
"(2.8e+03,3e+03]","bv55c11",4.30970317037331,2800,3000,2900,"st3"
"(2.8e+03,3e+03]","bv55c11",0,2800,3000,2900,"st3"
"(2.8e+03,3e+03]","bv55c11",0,2800,3000,2900,"st3"
"(2.8e+03,3e+03]","bv55c11",0,2800,3000,2900,"st3"
"(2.8e+03,3e+03]","bv55c11",0,2800,3000,2900,"st3"
"(200,300]","bv55c11",6.10071583278081,200,300,250,"st3"
"(200,300]","bv55c11",0,200,300,250,"st3"
"(200,300]","bv55c11",0,200,300,250,"st3"
"(200,300]","bv55c11",0,200,300,250,"st3"
"(200,300]","bv55c11",0,200,300,250,"st3"
"(2e+03,2.2e+03]","bv55c11",0.574263292044799,2000,2200,2100,"st3"
"(2e+03,2.2e+03]","bv55c11",0,2000,2200,2100,"st3"
"(2e+03,2.2e+03]","bv55c11",0,2000,2200,2100,"st3"
"(2e+03,2.2e+03]","bv55c11",0,2000,2200,2100,"st3"
"(2e+03,2.2e+03]","bv55c11",0,2000,2200,2100,"st3"
"(3.2e+03,3.4e+03]","bv55c11",0,3200,3400,3300,"st3"
"(3.2e+03,3.4e+03]","bv55c11",0,3200,3400,3300,"st3"
"(3.2e+03,3.4e+03]","bv55c11",0,3200,3400,3300,"st3"
"(3.2e+03,3.4e+03]","bv55c11",0,3200,3400,3300,"st3"
"(3.2e+03,3.4e+03]","bv55c11",0,3200,3400,3300,"st3"
"(3.4e+03,3.6e+03]","bv55c11",0.335749019694582,3400,3600,3500,"st3"
"(3.4e+03,3.6e+03]","bv55c11",0.839563879978753,3400,3600,3500,"st3"
"(3.4e+03,3.6e+03]","bv55c11",0,3400,3600,3500,"st3"
"(3.4e+03,3.6e+03]","bv55c11",0,3400,3600,3500,"st3"
"(3.4e+03,3.6e+03]","bv55c11",0,3400,3600,3500,"st3"
"(3.6e+03,3.8e+03]","bv55c11",0,3600,3800,3700,"st3"
"(3.6e+03,3.8e+03]","bv55c11",0,3600,3800,3700,"st3"
"(3.6e+03,3.8e+03]","bv55c11",0,3600,3800,3700,"st3"
"(3.6e+03,3.8e+03]","bv55c11",0,3600,3800,3700,"st3"
"(3.6e+03,3.8e+03]","bv55c11",0,3600,3800,3700,"st3"
"(3.8e+03,4e+03]","bv55c11",0,3800,4000,3900,"st3"
"(3.8e+03,4e+03]","bv55c11",0,3800,4000,3900,"st3"
"(3.8e+03,4e+03]","bv55c11",0,3800,4000,3900,"st3"
"(3.8e+03,4e+03]","bv55c11",0,3800,4000,3900,"st3"
"(3.8e+03,4e+03]","bv55c11",0,3800,4000,3900,"st3"
"(300,400]","bv55c11",0,300,400,350,"st3"
"(300,400]","bv55c11",0,300,400,350,"st3"
"(300,400]","bv55c11",0,300,400,350,"st3"
"(300,400]","bv55c11",0,300,400,350,"st3"
"(300,400]","bv55c11",0,300,400,350,"st3"
"(3e+03,3.2e+03]","bv55c11",0.166309711597876,3000,3200,3100,"st3"
"(3e+03,3.2e+03]","bv55c11",2.74235248958994,3000,3200,3100,"st3"
"(3e+03,3.2e+03]","bv55c11",0,3000,3200,3100,"st3"
"(3e+03,3.2e+03]","bv55c11",0,3000,3200,3100,"st3"
"(3e+03,3.2e+03]","bv55c11",0,3000,3200,3100,"st3"
"(4.2e+03,4.4e+03]","bv55c11",0,4200,4400,4300,"st3"
"(4.2e+03,4.4e+03]","bv55c11",0,4200,4400,4300,"st3"
"(4.2e+03,4.4e+03]","bv55c11",0,4200,4400,4300,"st3"
"(4.2e+03,4.4e+03]","bv55c11",0,4200,4400,4300,"st3"
"(4.2e+03,4.4e+03]","bv55c11",0,4200,4400,4300,"st3"
"(4.4e+03,4.42e+03]","bv55c11",0,4400,4420,4410,"st3"
"(4.4e+03,4.42e+03]","bv55c11",0,4400,4420,4410,"st3"
"(4.4e+03,4.42e+03]","bv55c11",0,4400,4420,4410,"st3"
"(4.4e+03,4.42e+03]","bv55c11",0,4400,4420,4410,"st3"
"(4.4e+03,4.42e+03]","bv55c11",0,4400,4420,4410,"st3"
"(40,80]","bv55c11",2.28979909499233,40,80,60,"st3"
"(40,80]","bv55c11",6.88893069267004,40,80,60,"st3"
"(40,80]","bv55c11",0,40,80,60,"st3"
"(40,80]","bv55c11",0,40,80,60,"st3"
"(40,80]","bv55c11",0,40,80,60,"st3"
"(400,500]","bv55c11",0.929491442531643,400,500,450,"st3"
"(400,500]","bv55c11",0,400,500,450,"st3"
"(400,500]","bv55c11",0,400,500,450,"st3"
"(400,500]","bv55c11",0,400,500,450,"st3"
"(400,500]","bv55c11",0,400,500,450,"st3"
"(4e+03,4.2e+03]","bv55c11",1.87737873855026,4000,4200,4100,"st3"
"(4e+03,4.2e+03]","bv55c11",0,4000,4200,4100,"st3"
"(4e+03,4.2e+03]","bv55c11",0,4000,4200,4100,"st3"
"(4e+03,4.2e+03]","bv55c11",0,4000,4200,4100,"st3"
"(4e+03,4.2e+03]","bv55c11",0,4000,4200,4100,"st3"
"(500,600]","bv55c11",0.601908642104621,500,600,550,"st3"
"(500,600]","bv55c11",0,500,600,550,"st3"
"(500,600]","bv55c11",0,500,600,550,"st3"
"(500,600]","bv55c11",0,500,600,550,"st3"
"(500,600]","bv55c11",0,500,600,550,"st3"
"(600,700]","bv55c11",3.66532584602515,600,700,650,"st3"
"(600,700]","bv55c11",0,600,700,650,"st3"
"(600,700]","bv55c11",0,600,700,650,"st3"
"(600,700]","bv55c11",0,600,700,650,"st3"
"(600,700]","bv55c11",0,600,700,650,"st3"
"(700,800]","bv55c11",0.495480680827178,700,800,750,"st3"
"(700,800]","bv55c11",0,700,800,750,"st3"
"(700,800]","bv55c11",0,700,800,750,"st3"
"(700,800]","bv55c11",0,700,800,750,"st3"
"(700,800]","bv55c11",0,700,800,750,"st3"
"(80,120]","bv55c11",1.55750268223268,80,120,100,"st3"
"(80,120]","bv55c11",0,80,120,100,"st3"
"(80,120]","bv55c11",0,80,120,100,"st3"
"(80,120]","bv55c11",0,80,120,100,"st3"
"(80,120]","bv55c11",0,80,120,100,"st3"
"(800,900]","bv55c11",33.0079750566883,800,900,850,"st3"
"(800,900]","bv55c11",0,800,900,850,"st3"
"(800,900]","bv55c11",0,800,900,850,"st3"
"(800,900]","bv55c11",0,800,900,850,"st3"
"(800,900]","bv55c11",0,800,900,850,"st3"
"(900,1e+03]","bv55c11",8.50069478883898,900,1000,950,"st3"
"(900,1e+03]","bv55c11",0,900,1000,950,"st3"
"(900,1e+03]","bv55c11",0,900,1000,950,"st3"
"(900,1e+03]","bv55c11",0,900,1000,950,"st3"
"(900,1e+03]","bv55c11",0,900,1000,950,"st3"
"(0,40]","bv55c12",12.4954382045832,0,40,20,"st6"
"(0,40]","bv55c12",1.75843269742628,0,40,20,"st6"
"(0,40]","bv55c12",0.628650005883519,0,40,20,"st6"
"(0,40]","bv55c12",3.09383645194498,0,40,20,"st6"
"(0,40]","bv55c12",0,0,40,20,"st6"
"(120,160]","bv55c12",0,120,160,140,"st6"
"(120,160]","bv55c12",0,120,160,140,"st6"
"(120,160]","bv55c12",0,120,160,140,"st6"
"(120,160]","bv55c12",0,120,160,140,"st6"
"(120,160]","bv55c12",0,120,160,140,"st6"
"(40,80]","bv55c12",1.71106342700651,40,80,60,"st6"
"(40,80]","bv55c12",13.7936021944364,40,80,60,"st6"
"(40,80]","bv55c12",0.91189063828947,40,80,60,"st6"
"(40,80]","bv55c12",0,40,80,60,"st6"
"(40,80]","bv55c12",8.32842000542792,40,80,60,"st6"
"(80,120]","bv55c12",0.300201476973761,80,120,100,"st6"
"(80,120]","bv55c12",2.31662047968537,80,120,100,"st6"
"(80,120]","bv55c12",1.39319351122882,80,120,100,"st6"
"(80,120]","bv55c12",0.760486734050849,80,120,100,"st6"
"(80,120]","bv55c12",6.72538732984231,80,120,100,"st6"
"(0,40]","bv55c13",9.08651961866723,0,40,20,"st6"
"(0,40]","bv55c13",0.140525224526381,0,40,20,"st6"
"(0,40]","bv55c13",0.120357252487873,0,40,20,"st6"
"(0,40]","bv55c13",0,0,40,20,"st6"
"(0,40]","bv55c13",0,0,40,20,"st6"
"(1.1e+03,1.2e+03]","bv55c13",3.63795303382735,1100,1200,1150,"st6"
"(1.1e+03,1.2e+03]","bv55c13",0,1100,1200,1150,"st6"
"(1.1e+03,1.2e+03]","bv55c13",0,1100,1200,1150,"st6"
"(1.1e+03,1.2e+03]","bv55c13",0,1100,1200,1150,"st6"
"(1.1e+03,1.2e+03]","bv55c13",0,1100,1200,1150,"st6"
"(1.2e+03,1.3e+03]","bv55c13",0,1200,1300,1250,"st6"
"(1.2e+03,1.3e+03]","bv55c13",0,1200,1300,1250,"st6"
"(1.2e+03,1.3e+03]","bv55c13",0,1200,1300,1250,"st6"
"(1.2e+03,1.3e+03]","bv55c13",0,1200,1300,1250,"st6"
"(1.2e+03,1.3e+03]","bv55c13",0,1200,1300,1250,"st6"
"(120,160]","bv55c13",1.508482215679,120,160,140,"st6"
"(120,160]","bv55c13",0,120,160,140,"st6"
"(120,160]","bv55c13",0,120,160,140,"st6"
"(120,160]","bv55c13",0,120,160,140,"st6"
"(120,160]","bv55c13",0,120,160,140,"st6"
"(160,200]","bv55c13",3.76163170635392,160,200,180,"st6"
"(160,200]","bv55c13",0,160,200,180,"st6"
"(160,200]","bv55c13",0,160,200,180,"st6"
"(160,200]","bv55c13",0,160,200,180,"st6"
"(160,200]","bv55c13",0,160,200,180,"st6"
"(1e+03,1.1e+03]","bv55c13",1.23519215885165,1000,1100,1050,"st6"
"(1e+03,1.1e+03]","bv55c13",0,1000,1100,1050,"st6"
"(1e+03,1.1e+03]","bv55c13",0,1000,1100,1050,"st6"
"(1e+03,1.1e+03]","bv55c13",0,1000,1100,1050,"st6"
"(1e+03,1.1e+03]","bv55c13",0,1000,1100,1050,"st6"
"(200,300]","bv55c13",0.188288295922919,200,300,250,"st6"
"(200,300]","bv55c13",0.177202063273457,200,300,250,"st6"
"(200,300]","bv55c13",0,200,300,250,"st6"
"(200,300]","bv55c13",0,200,300,250,"st6"
"(200,300]","bv55c13",0,200,300,250,"st6"
"(300,400]","bv55c13",0.529383264584581,300,400,350,"st6"
"(300,400]","bv55c13",0,300,400,350,"st6"
"(300,400]","bv55c13",0,300,400,350,"st6"
"(300,400]","bv55c13",0,300,400,350,"st6"
"(300,400]","bv55c13",0,300,400,350,"st6"
"(40,80]","bv55c13",5.12344926125114,40,80,60,"st6"
"(40,80]","bv55c13",4.05543444545436,40,80,60,"st6"
"(40,80]","bv55c13",1.38818354942527,40,80,60,"st6"
"(40,80]","bv55c13",0,40,80,60,"st6"
"(40,80]","bv55c13",0,40,80,60,"st6"
"(400,500]","bv55c13",0.250632681670985,400,500,450,"st6"
"(400,500]","bv55c13",0,400,500,450,"st6"
"(400,500]","bv55c13",0,400,500,450,"st6"
"(400,500]","bv55c13",0,400,500,450,"st6"
"(400,500]","bv55c13",0,400,500,450,"st6"
"(500,600]","bv55c13",2.47853352796586,500,600,550,"st6"
"(500,600]","bv55c13",0,500,600,550,"st6"
"(500,600]","bv55c13",0,500,600,550,"st6"
"(500,600]","bv55c13",0,500,600,550,"st6"
"(500,600]","bv55c13",0,500,600,550,"st6"
"(600,700]","bv55c13",1.8379858503076,600,700,650,"st6"
"(600,700]","bv55c13",0.533685549463268,600,700,650,"st6"
"(600,700]","bv55c13",0,600,700,650,"st6"
"(600,700]","bv55c13",0,600,700,650,"st6"
"(600,700]","bv55c13",0,600,700,650,"st6"
"(700,800]","bv55c13",0.299496010906471,700,800,750,"st6"
"(700,800]","bv55c13",1.54603404068141,700,800,750,"st6"
"(700,800]","bv55c13",0,700,800,750,"st6"
"(700,800]","bv55c13",0,700,800,750,"st6"
"(700,800]","bv55c13",0,700,800,750,"st6"
"(80,120]","bv55c13",0.114272808385427,80,120,100,"st6"
"(80,120]","bv55c13",1.37800198396106,80,120,100,"st6"
"(80,120]","bv55c13",14.0989613906744,80,120,100,"st6"
"(80,120]","bv55c13",0,80,120,100,"st6"
"(80,120]","bv55c13",0,80,120,100,"st6"
"(800,900]","bv55c13",0.364458127245193,800,900,850,"st6"
"(800,900]","bv55c13",0,800,900,850,"st6"
"(800,900]","bv55c13",0,800,900,850,"st6"
"(800,900]","bv55c13",0,800,900,850,"st6"
"(800,900]","bv55c13",0,800,900,850,"st6"
"(900,1e+03]","bv55c13",0,900,1000,950,"st6"
"(900,1e+03]","bv55c13",0,900,1000,950,"st6"
"(900,1e+03]","bv55c13",0,900,1000,950,"st6"
"(900,1e+03]","bv55c13",0,900,1000,950,"st6"
"(900,1e+03]","bv55c13",0,900,1000,950,"st6"
"(0,40]","bv55c15",0.414781123918184,0,40,20,"st6"
"(0,40]","bv55c15",0,0,40,20,"st6"
"(0,40]","bv55c15",0.826667721286572,0,40,20,"st6"
"(0,40]","bv55c15",3.54706761103469,0,40,20,"st6"
"(0,40]","bv55c15",0,0,40,20,"st6"
"(120,160]","bv55c15",0,120,160,140,"st6"
"(120,160]","bv55c15",0,120,160,140,"st6"
"(120,160]","bv55c15",0,120,160,140,"st6"
"(120,160]","bv55c15",0,120,160,140,"st6"
"(120,160]","bv55c15",0,120,160,140,"st6"
"(160,200]","bv55c15",1.62447539501926,160,200,180,"st6"
"(160,200]","bv55c15",0,160,200,180,"st6"
"(160,200]","bv55c15",0,160,200,180,"st6"
"(160,200]","bv55c15",0,160,200,180,"st6"
"(160,200]","bv55c15",0,160,200,180,"st6"
"(200,300]","bv55c15",0,200,300,250,"st6"
"(200,300]","bv55c15",0,200,300,250,"st6"
"(200,300]","bv55c15",0,200,300,250,"st6"
"(200,300]","bv55c15",0,200,300,250,"st6"
"(200,300]","bv55c15",0,200,300,250,"st6"
"(40,80]","bv55c15",5.64836733321954,40,80,60,"st6"
"(40,80]","bv55c15",1.63269563255506,40,80,60,"st6"
"(40,80]","bv55c15",1.92236047178863,40,80,60,"st6"
"(40,80]","bv55c15",2.03430352570623,40,80,60,"st6"
"(40,80]","bv55c15",0,40,80,60,"st6"
"(80,120]","bv55c15",58.0859690255638,80,120,100,"st6"
"(80,120]","bv55c15",3.31582654497796,80,120,100,"st6"
"(80,120]","bv55c15",0,80,120,100,"st6"
"(80,120]","bv55c15",3.28181236875443,80,120,100,"st6"
"(80,120]","bv55c15",2.4797215203071,80,120,100,"st6"
"(0,40]","bv55c16",23.8351167917032,0,40,20,"st7"
"(0,40]","bv55c16",10.9415569595254,0,40,20,"st7"
"(0,40]","bv55c16",7.40793508283201,0,40,20,"st7"
"(0,40]","bv55c16",0,0,40,20,"st7"
"(0,40]","bv55c16",0,0,40,20,"st7"
"(1.1e+03,1.2e+03]","bv55c16",1.14227215721165,1100,1200,1150,"st7"
"(1.1e+03,1.2e+03]","bv55c16",2.36562572288769,1100,1200,1150,"st7"
"(1.1e+03,1.2e+03]","bv55c16",0,1100,1200,1150,"st7"
"(1.1e+03,1.2e+03]","bv55c16",0,1100,1200,1150,"st7"
"(1.1e+03,1.2e+03]","bv55c16",0,1100,1200,1150,"st7"
"(1.2e+03,1.3e+03]","bv55c16",0,1200,1300,1250,"st7"
"(1.2e+03,1.3e+03]","bv55c16",0,1200,1300,1250,"st7"
"(1.2e+03,1.3e+03]","bv55c16",0,1200,1300,1250,"st7"
"(1.2e+03,1.3e+03]","bv55c16",0,1200,1300,1250,"st7"
"(1.2e+03,1.3e+03]","bv55c16",0,1200,1300,1250,"st7"
"(1.3e+03,1.4e+03]","bv55c16",2.88498150431431,1300,1400,1350,"st7"
"(1.3e+03,1.4e+03]","bv55c16",0.339823576987665,1300,1400,1350,"st7"
"(1.3e+03,1.4e+03]","bv55c16",0,1300,1400,1350,"st7"
"(1.3e+03,1.4e+03]","bv55c16",0,1300,1400,1350,"st7"
"(1.3e+03,1.4e+03]","bv55c16",0,1300,1400,1350,"st7"
"(1.4e+03,1.6e+03]","bv55c16",0.898333866704073,1400,1600,1500,"st7"
"(1.4e+03,1.6e+03]","bv55c16",0,1400,1600,1500,"st7"
"(1.4e+03,1.6e+03]","bv55c16",0,1400,1600,1500,"st7"
"(1.4e+03,1.6e+03]","bv55c16",0,1400,1600,1500,"st7"
"(1.4e+03,1.6e+03]","bv55c16",0,1400,1600,1500,"st7"
"(1.6e+03,1.8e+03]","bv55c16",0.230785158979885,1600,1800,1700,"st7"
"(1.6e+03,1.8e+03]","bv55c16",0,1600,1800,1700,"st7"
"(1.6e+03,1.8e+03]","bv55c16",0,1600,1800,1700,"st7"
"(1.6e+03,1.8e+03]","bv55c16",0,1600,1800,1700,"st7"
"(1.6e+03,1.8e+03]","bv55c16",0,1600,1800,1700,"st7"
"(1.8e+03,2e+03]","bv55c16",8.91830819802856,1800,2000,1900,"st7"
"(1.8e+03,2e+03]","bv55c16",0,1800,2000,1900,"st7"
"(1.8e+03,2e+03]","bv55c16",0,1800,2000,1900,"st7"
"(1.8e+03,2e+03]","bv55c16",0,1800,2000,1900,"st7"
"(1.8e+03,2e+03]","bv55c16",0,1800,2000,1900,"st7"
"(120,160]","bv55c16",0,120,160,140,"st7"
"(120,160]","bv55c16",0,120,160,140,"st7"
"(120,160]","bv55c16",0,120,160,140,"st7"
"(120,160]","bv55c16",0,120,160,140,"st7"
"(120,160]","bv55c16",0,120,160,140,"st7"
"(160,200]","bv55c16",0,160,200,180,"st7"
"(160,200]","bv55c16",0,160,200,180,"st7"
"(160,200]","bv55c16",0,160,200,180,"st7"
"(160,200]","bv55c16",0,160,200,180,"st7"
"(160,200]","bv55c16",0,160,200,180,"st7"
"(1e+03,1.1e+03]","bv55c16",6.50469790733635,1000,1100,1050,"st7"
"(1e+03,1.1e+03]","bv55c16",0,1000,1100,1050,"st7"
"(1e+03,1.1e+03]","bv55c16",0,1000,1100,1050,"st7"
"(1e+03,1.1e+03]","bv55c16",0,1000,1100,1050,"st7"
"(1e+03,1.1e+03]","bv55c16",0,1000,1100,1050,"st7"
"(2.2e+03,2.4e+03]","bv55c16",0.50263784515577,2200,2400,2300,"st7"
"(2.2e+03,2.4e+03]","bv55c16",0,2200,2400,2300,"st7"
"(2.2e+03,2.4e+03]","bv55c16",0,2200,2400,2300,"st7"
"(2.2e+03,2.4e+03]","bv55c16",0,2200,2400,2300,"st7"
"(2.2e+03,2.4e+03]","bv55c16",0,2200,2400,2300,"st7"
"(2.4e+03,2.6e+03]","bv55c16",1.03483332729818,2400,2600,2500,"st7"
"(2.4e+03,2.6e+03]","bv55c16",0,2400,2600,2500,"st7"
"(2.4e+03,2.6e+03]","bv55c16",0,2400,2600,2500,"st7"
"(2.4e+03,2.6e+03]","bv55c16",0,2400,2600,2500,"st7"
"(2.4e+03,2.6e+03]","bv55c16",0,2400,2600,2500,"st7"
"(2.6e+03,2.8e+03]","bv55c16",4.72395283922379,2600,2800,2700,"st7"
"(2.6e+03,2.8e+03]","bv55c16",0,2600,2800,2700,"st7"
"(2.6e+03,2.8e+03]","bv55c16",0,2600,2800,2700,"st7"
"(2.6e+03,2.8e+03]","bv55c16",0,2600,2800,2700,"st7"
"(2.6e+03,2.8e+03]","bv55c16",0,2600,2800,2700,"st7"
"(2.8e+03,3e+03]","bv55c16",0.24608328311984,2800,3000,2900,"st7"
"(2.8e+03,3e+03]","bv55c16",0.900999466340345,2800,3000,2900,"st7"
"(2.8e+03,3e+03]","bv55c16",0,2800,3000,2900,"st7"
"(2.8e+03,3e+03]","bv55c16",0,2800,3000,2900,"st7"
"(2.8e+03,3e+03]","bv55c16",0,2800,3000,2900,"st7"
"(200,300]","bv55c16",5.47221379231473,200,300,250,"st7"
"(200,300]","bv55c16",0.340820420979487,200,300,250,"st7"
"(200,300]","bv55c16",0,200,300,250,"st7"
"(200,300]","bv55c16",0,200,300,250,"st7"
"(200,300]","bv55c16",0,200,300,250,"st7"
"(2e+03,2.2e+03]","bv55c16",1.3679097089487,2000,2200,2100,"st7"
"(2e+03,2.2e+03]","bv55c16",0,2000,2200,2100,"st7"
"(2e+03,2.2e+03]","bv55c16",0,2000,2200,2100,"st7"
"(2e+03,2.2e+03]","bv55c16",0,2000,2200,2100,"st7"
"(2e+03,2.2e+03]","bv55c16",0,2000,2200,2100,"st7"
"(3.2e+03,3.4e+03]","bv55c16",0,3200,3400,3300,"st7"
"(3.2e+03,3.4e+03]","bv55c16",0,3200,3400,3300,"st7"
"(3.2e+03,3.4e+03]","bv55c16",0,3200,3400,3300,"st7"
"(3.2e+03,3.4e+03]","bv55c16",0,3200,3400,3300,"st7"
"(3.2e+03,3.4e+03]","bv55c16",0,3200,3400,3300,"st7"
"(3.4e+03,3.6e+03]","bv55c16",0,3400,3600,3500,"st7"
"(3.4e+03,3.6e+03]","bv55c16",0,3400,3600,3500,"st7"
"(3.4e+03,3.6e+03]","bv55c16",0,3400,3600,3500,"st7"
"(3.4e+03,3.6e+03]","bv55c16",0,3400,3600,3500,"st7"
"(3.4e+03,3.6e+03]","bv55c16",0,3400,3600,3500,"st7"
"(3.6e+03,3.8e+03]","bv55c16",0,3600,3800,3700,"st7"
"(3.6e+03,3.8e+03]","bv55c16",0,3600,3800,3700,"st7"
"(3.6e+03,3.8e+03]","bv55c16",0,3600,3800,3700,"st7"
"(3.6e+03,3.8e+03]","bv55c16",0,3600,3800,3700,"st7"
"(3.6e+03,3.8e+03]","bv55c16",0,3600,3800,3700,"st7"
"(3.8e+03,4e+03]","bv55c16",0.445901402412151,3800,4000,3900,"st7"
"(3.8e+03,4e+03]","bv55c16",0,3800,4000,3900,"st7"
"(3.8e+03,4e+03]","bv55c16",0,3800,4000,3900,"st7"
"(3.8e+03,4e+03]","bv55c16",0,3800,4000,3900,"st7"
"(3.8e+03,4e+03]","bv55c16",0,3800,4000,3900,"st7"
"(300,400]","bv55c16",0,300,400,350,"st7"
"(300,400]","bv55c16",0,300,400,350,"st7"
"(300,400]","bv55c16",0,300,400,350,"st7"
"(300,400]","bv55c16",0,300,400,350,"st7"
"(300,400]","bv55c16",0,300,400,350,"st7"
"(3e+03,3.2e+03]","bv55c16",1.76061248380861,3000,3200,3100,"st7"
"(3e+03,3.2e+03]","bv55c16",0,3000,3200,3100,"st7"
"(3e+03,3.2e+03]","bv55c16",0,3000,3200,3100,"st7"
"(3e+03,3.2e+03]","bv55c16",0,3000,3200,3100,"st7"
"(3e+03,3.2e+03]","bv55c16",0,3000,3200,3100,"st7"
"(4.2e+03,4.21e+03]","bv55c16",0,4200,4210,4205,"st7"
"(4.2e+03,4.21e+03]","bv55c16",0,4200,4210,4205,"st7"
"(4.2e+03,4.21e+03]","bv55c16",0,4200,4210,4205,"st7"
"(4.2e+03,4.21e+03]","bv55c16",0,4200,4210,4205,"st7"
"(4.2e+03,4.21e+03]","bv55c16",0,4200,4210,4205,"st7"
"(40,80]","bv55c16",14.001055121784,40,80,60,"st7"
"(40,80]","bv55c16",8.50779099584024,40,80,60,"st7"
"(40,80]","bv55c16",4.26372417421533,40,80,60,"st7"
"(40,80]","bv55c16",0,40,80,60,"st7"
"(40,80]","bv55c16",0,40,80,60,"st7"
"(400,500]","bv55c16",0.246376188730079,400,500,450,"st7"
"(400,500]","bv55c16",0.291236462218171,400,500,450,"st7"
"(400,500]","bv55c16",0.193203092671279,400,500,450,"st7"
"(400,500]","bv55c16",0,400,500,450,"st7"
"(400,500]","bv55c16",0,400,500,450,"st7"
"(4e+03,4.2e+03]","bv55c16",0.310373480463343,4000,4200,4100,"st7"
"(4e+03,4.2e+03]","bv55c16",0,4000,4200,4100,"st7"
"(4e+03,4.2e+03]","bv55c16",0,4000,4200,4100,"st7"
"(4e+03,4.2e+03]","bv55c16",0,4000,4200,4100,"st7"
"(4e+03,4.2e+03]","bv55c16",0,4000,4200,4100,"st7"
"(500,600]","bv55c16",1.02042361225391,500,600,550,"st7"
"(500,600]","bv55c16",0,500,600,550,"st7"
"(500,600]","bv55c16",0,500,600,550,"st7"
"(500,600]","bv55c16",0,500,600,550,"st7"
"(500,600]","bv55c16",0,500,600,550,"st7"
"(600,700]","bv55c16",0.238858891826263,600,700,650,"st7"
"(600,700]","bv55c16",0,600,700,650,"st7"
"(600,700]","bv55c16",0,600,700,650,"st7"
"(600,700]","bv55c16",0,600,700,650,"st7"
"(600,700]","bv55c16",0,600,700,650,"st7"
"(700,800]","bv55c16",0,700,800,750,"st7"
"(700,800]","bv55c16",0,700,800,750,"st7"
"(700,800]","bv55c16",0,700,800,750,"st7"
"(700,800]","bv55c16",0,700,800,750,"st7"
"(700,800]","bv55c16",0,700,800,750,"st7"
"(80,120]","bv55c16",0.538788987418632,80,120,100,"st7"
"(80,120]","bv55c16",0,80,120,100,"st7"
"(80,120]","bv55c16",0,80,120,100,"st7"
"(80,120]","bv55c16",0,80,120,100,"st7"
"(80,120]","bv55c16",0,80,120,100,"st7"
"(800,900]","bv55c16",0,800,900,850,"st7"
"(800,900]","bv55c16",0,800,900,850,"st7"
"(800,900]","bv55c16",0,800,900,850,"st7"
"(800,900]","bv55c16",0,800,900,850,"st7"
"(800,900]","bv55c16",0,800,900,850,"st7"
"(900,1e+03]","bv55c16",39.2196144742201,900,1000,950,"st7"
"(900,1e+03]","bv55c16",0,900,1000,950,"st7"
"(900,1e+03]","bv55c16",0,900,1000,950,"st7"
"(900,1e+03]","bv55c16",0,900,1000,950,"st7"
"(900,1e+03]","bv55c16",0,900,1000,950,"st7"
"(0,40]","bv55c17",51.9673505044798,0,40,20,"st8"
"(0,40]","bv55c17",14.0456841071102,0,40,20,"st8"
"(0,40]","bv55c17",8.66509057331607,0,40,20,"st8"
"(0,40]","bv55c17",0,0,40,20,"st8"
"(0,40]","bv55c17",0,0,40,20,"st8"
"(1.1e+03,1.2e+03]","bv55c17",0.276348570119326,1100,1200,1150,"st8"
"(1.1e+03,1.2e+03]","bv55c17",15.4077480682695,1100,1200,1150,"st8"
"(1.1e+03,1.2e+03]","bv55c17",0,1100,1200,1150,"st8"
"(1.1e+03,1.2e+03]","bv55c17",0,1100,1200,1150,"st8"
"(1.1e+03,1.2e+03]","bv55c17",0,1100,1200,1150,"st8"
"(1.2e+03,1.3e+03]","bv55c17",0,1200,1300,1250,"st8"
"(1.2e+03,1.3e+03]","bv55c17",0,1200,1300,1250,"st8"
"(1.2e+03,1.3e+03]","bv55c17",0,1200,1300,1250,"st8"
"(1.2e+03,1.3e+03]","bv55c17",0,1200,1300,1250,"st8"
"(1.2e+03,1.3e+03]","bv55c17",0,1200,1300,1250,"st8"
"(1.3e+03,1.4e+03]","bv55c17",22.2170185179619,1300,1400,1350,"st8"
"(1.3e+03,1.4e+03]","bv55c17",0,1300,1400,1350,"st8"
"(1.3e+03,1.4e+03]","bv55c17",0,1300,1400,1350,"st8"
"(1.3e+03,1.4e+03]","bv55c17",0,1300,1400,1350,"st8"
"(1.3e+03,1.4e+03]","bv55c17",0,1300,1400,1350,"st8"
"(1.4e+03,1.6e+03]","bv55c17",1.72862319810588,1400,1600,1500,"st8"
"(1.4e+03,1.6e+03]","bv55c17",0,1400,1600,1500,"st8"
"(1.4e+03,1.6e+03]","bv55c17",0,1400,1600,1500,"st8"
"(1.4e+03,1.6e+03]","bv55c17",0,1400,1600,1500,"st8"
"(1.4e+03,1.6e+03]","bv55c17",0,1400,1600,1500,"st8"
"(1.6e+03,1.8e+03]","bv55c17",0.228752914625797,1600,1800,1700,"st8"
"(1.6e+03,1.8e+03]","bv55c17",0.314018230841801,1600,1800,1700,"st8"
"(1.6e+03,1.8e+03]","bv55c17",0,1600,1800,1700,"st8"
"(1.6e+03,1.8e+03]","bv55c17",0,1600,1800,1700,"st8"
"(1.6e+03,1.8e+03]","bv55c17",0,1600,1800,1700,"st8"
"(1.8e+03,2e+03]","bv55c17",0.135380501632406,1800,2000,1900,"st8"
"(1.8e+03,2e+03]","bv55c17",0.564136516669608,1800,2000,1900,"st8"
"(1.8e+03,2e+03]","bv55c17",0,1800,2000,1900,"st8"
"(1.8e+03,2e+03]","bv55c17",0,1800,2000,1900,"st8"
"(1.8e+03,2e+03]","bv55c17",0,1800,2000,1900,"st8"
"(120,160]","bv55c17",0,120,160,140,"st8"
"(120,160]","bv55c17",0,120,160,140,"st8"
"(120,160]","bv55c17",0,120,160,140,"st8"
"(120,160]","bv55c17",0,120,160,140,"st8"
"(120,160]","bv55c17",0,120,160,140,"st8"
"(160,200]","bv55c17",0.310517039806539,160,200,180,"st8"
"(160,200]","bv55c17",0,160,200,180,"st8"
"(160,200]","bv55c17",0,160,200,180,"st8"
"(160,200]","bv55c17",0,160,200,180,"st8"
"(160,200]","bv55c17",0,160,200,180,"st8"
"(1e+03,1.1e+03]","bv55c17",0.311483011967654,1000,1100,1050,"st8"
"(1e+03,1.1e+03]","bv55c17",10.4888108434867,1000,1100,1050,"st8"
"(1e+03,1.1e+03]","bv55c17",0,1000,1100,1050,"st8"
"(1e+03,1.1e+03]","bv55c17",0,1000,1100,1050,"st8"
"(1e+03,1.1e+03]","bv55c17",0,1000,1100,1050,"st8"
"(2.2e+03,2.4e+03]","bv55c17",0.388531258471616,2200,2400,2300,"st8"
"(2.2e+03,2.4e+03]","bv55c17",0,2200,2400,2300,"st8"
"(2.2e+03,2.4e+03]","bv55c17",0,2200,2400,2300,"st8"
"(2.2e+03,2.4e+03]","bv55c17",0,2200,2400,2300,"st8"
"(2.2e+03,2.4e+03]","bv55c17",0,2200,2400,2300,"st8"
"(2.4e+03,2.6e+03]","bv55c17",5.33669511110324,2400,2600,2500,"st8"
"(2.4e+03,2.6e+03]","bv55c17",0,2400,2600,2500,"st8"
"(2.4e+03,2.6e+03]","bv55c17",0,2400,2600,2500,"st8"
"(2.4e+03,2.6e+03]","bv55c17",0,2400,2600,2500,"st8"
"(2.4e+03,2.6e+03]","bv55c17",0,2400,2600,2500,"st8"
"(2.6e+03,2.8e+03]","bv55c17",0.637901151077722,2600,2800,2700,"st8"
"(2.6e+03,2.8e+03]","bv55c17",0,2600,2800,2700,"st8"
"(2.6e+03,2.8e+03]","bv55c17",0,2600,2800,2700,"st8"
"(2.6e+03,2.8e+03]","bv55c17",0,2600,2800,2700,"st8"
"(2.6e+03,2.8e+03]","bv55c17",0,2600,2800,2700,"st8"
"(2.8e+03,3e+03]","bv55c17",0.319476265721558,2800,3000,2900,"st8"
"(2.8e+03,3e+03]","bv55c17",0,2800,3000,2900,"st8"
"(2.8e+03,3e+03]","bv55c17",0,2800,3000,2900,"st8"
"(2.8e+03,3e+03]","bv55c17",0,2800,3000,2900,"st8"
"(2.8e+03,3e+03]","bv55c17",0,2800,3000,2900,"st8"
"(200,300]","bv55c17",1.0252999041981,200,300,250,"st8"
"(200,300]","bv55c17",0,200,300,250,"st8"
"(200,300]","bv55c17",0,200,300,250,"st8"
"(200,300]","bv55c17",0,200,300,250,"st8"
"(200,300]","bv55c17",0,200,300,250,"st8"
"(2e+03,2.2e+03]","bv55c17",7.52490796563042,2000,2200,2100,"st8"
"(2e+03,2.2e+03]","bv55c17",0.199304835119206,2000,2200,2100,"st8"
"(2e+03,2.2e+03]","bv55c17",0,2000,2200,2100,"st8"
"(2e+03,2.2e+03]","bv55c17",0,2000,2200,2100,"st8"
"(2e+03,2.2e+03]","bv55c17",0,2000,2200,2100,"st8"
"(300,400]","bv55c17",0,300,400,350,"st8"
"(300,400]","bv55c17",0,300,400,350,"st8"
"(300,400]","bv55c17",0,300,400,350,"st8"
"(300,400]","bv55c17",0,300,400,350,"st8"
"(300,400]","bv55c17",0,300,400,350,"st8"
"(3e+03,3.02e+03]","bv55c17",0,3000,3020,3010,"st8"
"(3e+03,3.02e+03]","bv55c17",0,3000,3020,3010,"st8"
"(3e+03,3.02e+03]","bv55c17",0,3000,3020,3010,"st8"
"(3e+03,3.02e+03]","bv55c17",0,3000,3020,3010,"st8"
"(3e+03,3.02e+03]","bv55c17",0,3000,3020,3010,"st8"
"(40,80]","bv55c17",18.7269418960776,40,80,60,"st8"
"(40,80]","bv55c17",1.1233454220888,40,80,60,"st8"
"(40,80]","bv55c17",0.50034120063062,40,80,60,"st8"
"(40,80]","bv55c17",18.0041412478822,40,80,60,"st8"
"(40,80]","bv55c17",0,40,80,60,"st8"
"(400,500]","bv55c17",0.329889087227481,400,500,450,"st8"
"(400,500]","bv55c17",0.252605170828521,400,500,450,"st8"
"(400,500]","bv55c17",0,400,500,450,"st8"
"(400,500]","bv55c17",0,400,500,450,"st8"
"(400,500]","bv55c17",0,400,500,450,"st8"
"(500,600]","bv55c17",0.515428732830538,500,600,550,"st8"
"(500,600]","bv55c17",6.05188233171968,500,600,550,"st8"
"(500,600]","bv55c17",0,500,600,550,"st8"
"(500,600]","bv55c17",0,500,600,550,"st8"
"(500,600]","bv55c17",0,500,600,550,"st8"
"(600,700]","bv55c17",13.8736685590301,600,700,650,"st8"
"(600,700]","bv55c17",0,600,700,650,"st8"
"(600,700]","bv55c17",0,600,700,650,"st8"
"(600,700]","bv55c17",0,600,700,650,"st8"
"(600,700]","bv55c17",0,600,700,650,"st8"
"(700,800]","bv55c17",0.4498540149867,700,800,750,"st8"
"(700,800]","bv55c17",0,700,800,750,"st8"
"(700,800]","bv55c17",0,700,800,750,"st8"
"(700,800]","bv55c17",0,700,800,750,"st8"
"(700,800]","bv55c17",0,700,800,750,"st8"
"(80,120]","bv55c17",0,80,120,100,"st8"
"(80,120]","bv55c17",0,80,120,100,"st8"
"(80,120]","bv55c17",0,80,120,100,"st8"
"(80,120]","bv55c17",0,80,120,100,"st8"
"(80,120]","bv55c17",0,80,120,100,"st8"
"(800,900]","bv55c17",24.0910740512035,800,900,850,"st8"
"(800,900]","bv55c17",4.04965013491986,800,900,850,"st8"
"(800,900]","bv55c17",8.50190924053638,800,900,850,"st8"
"(800,900]","bv55c17",0,800,900,850,"st8"
"(800,900]","bv55c17",0,800,900,850,"st8"
"(900,1e+03]","bv55c17",0.2443328669215,900,1000,950,"st8"
"(900,1e+03]","bv55c17",5.63483966631983,900,1000,950,"st8"
"(900,1e+03]","bv55c17",0,900,1000,950,"st8"
"(900,1e+03]","bv55c17",0,900,1000,950,"st8"
"(900,1e+03]","bv55c17",0,900,1000,950,"st8"
"(0,40]","bv55c3",3.90864617288346,0,40,20,"st1"
"(0,40]","bv55c3",0,0,40,20,"st1"
"(0,40]","bv55c3",0,0,40,20,"st1"
"(0,40]","bv55c3",0,0,40,20,"st1"
"(0,40]","bv55c3",0,0,40,20,"st1"
"(1.1e+03,1.2e+03]","bv55c3",0.136036613990594,1100,1200,1150,"st1"
"(1.1e+03,1.2e+03]","bv55c3",0,1100,1200,1150,"st1"
"(1.1e+03,1.2e+03]","bv55c3",0,1100,1200,1150,"st1"
"(1.1e+03,1.2e+03]","bv55c3",0,1100,1200,1150,"st1"
"(1.1e+03,1.2e+03]","bv55c3",0,1100,1200,1150,"st1"
"(120,160]","bv55c3",1.39988330474929,120,160,140,"st1"
"(120,160]","bv55c3",0,120,160,140,"st1"
"(120,160]","bv55c3",0,120,160,140,"st1"
"(120,160]","bv55c3",0.214435631147732,120,160,140,"st1"
"(120,160]","bv55c3",0,120,160,140,"st1"
"(160,200]","bv55c3",0,160,200,180,"st1"
"(160,200]","bv55c3",0,160,200,180,"st1"
"(160,200]","bv55c3",0,160,200,180,"st1"
"(160,200]","bv55c3",0,160,200,180,"st1"
"(160,200]","bv55c3",0,160,200,180,"st1"
"(1e+03,1.1e+03]","bv55c3",0.28039178583821,1000,1100,1050,"st1"
"(1e+03,1.1e+03]","bv55c3",0,1000,1100,1050,"st1"
"(1e+03,1.1e+03]","bv55c3",0,1000,1100,1050,"st1"
"(1e+03,1.1e+03]","bv55c3",0,1000,1100,1050,"st1"
"(1e+03,1.1e+03]","bv55c3",1.50302791099592,1000,1100,1050,"st1"
"(200,300]","bv55c3",0.347071081200002,200,300,250,"st1"
"(200,300]","bv55c3",0.163070862711993,200,300,250,"st1"
"(200,300]","bv55c3",0,200,300,250,"st1"
"(200,300]","bv55c3",0,200,300,250,"st1"
"(200,300]","bv55c3",0,200,300,250,"st1"
"(300,400]","bv55c3",0.184511515763967,300,400,350,"st1"
"(300,400]","bv55c3",0,300,400,350,"st1"
"(300,400]","bv55c3",0,300,400,350,"st1"
"(300,400]","bv55c3",0,300,400,350,"st1"
"(300,400]","bv55c3",0,300,400,350,"st1"
"(40,80]","bv55c3",2.3799653589114,40,80,60,"st1"
"(40,80]","bv55c3",0.269358932094199,40,80,60,"st1"
"(40,80]","bv55c3",0,40,80,60,"st1"
"(40,80]","bv55c3",0,40,80,60,"st1"
"(40,80]","bv55c3",0.28767706231028,40,80,60,"st1"
"(400,500]","bv55c3",0.226565481647653,400,500,450,"st1"
"(400,500]","bv55c3",0,400,500,450,"st1"
"(400,500]","bv55c3",0,400,500,450,"st1"
"(400,500]","bv55c3",0,400,500,450,"st1"
"(400,500]","bv55c3",0,400,500,450,"st1"
"(500,600]","bv55c3",6.13915249173496,500,600,550,"st1"
"(500,600]","bv55c3",0,500,600,550,"st1"
"(500,600]","bv55c3",0,500,600,550,"st1"
"(500,600]","bv55c3",0,500,600,550,"st1"
"(500,600]","bv55c3",0.235832257739758,500,600,550,"st1"
"(600,700]","bv55c3",0,600,700,650,"st1"
"(600,700]","bv55c3",0,600,700,650,"st1"
"(600,700]","bv55c3",0,600,700,650,"st1"
"(600,700]","bv55c3",0.154941407652849,600,700,650,"st1"
"(600,700]","bv55c3",0,600,700,650,"st1"
"(700,800]","bv55c3",0.186782701310099,700,800,750,"st1"
"(700,800]","bv55c3",0.457027358423741,700,800,750,"st1"
"(700,800]","bv55c3",0.240475920986997,700,800,750,"st1"
"(700,800]","bv55c3",0,700,800,750,"st1"
"(700,800]","bv55c3",0,700,800,750,"st1"
"(80,120]","bv55c3",0.54097980854035,80,120,100,"st1"
"(80,120]","bv55c3",0.68562552932784,80,120,100,"st1"
"(80,120]","bv55c3",0.166159404902398,80,120,100,"st1"
"(80,120]","bv55c3",17.996411786704,80,120,100,"st1"
"(80,120]","bv55c3",19.6128743493867,80,120,100,"st1"
"(800,900]","bv55c3",0,800,900,850,"st1"
"(800,900]","bv55c3",0,800,900,850,"st1"
"(800,900]","bv55c3",0,800,900,850,"st1"
"(800,900]","bv55c3",0,800,900,850,"st1"
"(800,900]","bv55c3",0,800,900,850,"st1"
"(900,1e+03]","bv55c3",0,900,1000,950,"st1"
"(900,1e+03]","bv55c3",0,900,1000,950,"st1"
"(900,1e+03]","bv55c3",0,900,1000,950,"st1"
"(900,1e+03]","bv55c3",0,900,1000,950,"st1"
"(900,1e+03]","bv55c3",0,900,1000,950,"st1"
"(0,40]","bv55c4",19.2627837078293,0,40,20,"st2"
"(0,40]","bv55c4",0,0,40,20,"st2"
"(0,40]","bv55c4",0,0,40,20,"st2"
"(0,40]","bv55c4",0,0,40,20,"st2"
"(120,160]","bv55c4",38.5000384433544,120,160,140,"st2"
"(120,160]","bv55c4",0,120,160,140,"st2"
"(120,160]","bv55c4",0,120,160,140,"st2"
"(120,160]","bv55c4",0,120,160,140,"st2"
"(160,200]","bv55c4",0,160,200,180,"st2"
"(160,200]","bv55c4",0,160,200,180,"st2"
"(160,200]","bv55c4",0,160,200,180,"st2"
"(160,200]","bv55c4",0,160,200,180,"st2"
"(1e+03,1.1e+03]","bv55c4",0,1000,1100,1050,"st2"
"(1e+03,1.1e+03]","bv55c4",0,1000,1100,1050,"st2"
"(1e+03,1.1e+03]","bv55c4",0,1000,1100,1050,"st2"
"(1e+03,1.1e+03]","bv55c4",0,1000,1100,1050,"st2"
"(200,300]","bv55c4",0,200,300,250,"st2"
"(200,300]","bv55c4",0,200,300,250,"st2"
"(200,300]","bv55c4",0,200,300,250,"st2"
"(200,300]","bv55c4",0,200,300,250,"st2"
"(300,400]","bv55c4",0,300,400,350,"st2"
"(300,400]","bv55c4",0.323592586907512,300,400,350,"st2"
"(300,400]","bv55c4",0,300,400,350,"st2"
"(300,400]","bv55c4",0,300,400,350,"st2"
"(40,80]","bv55c4",0,40,80,60,"st2"
"(40,80]","bv55c4",35.0060486452067,40,80,60,"st2"
"(40,80]","bv55c4",0,40,80,60,"st2"
"(40,80]","bv55c4",0,40,80,60,"st2"
"(400,500]","bv55c4",0,400,500,450,"st2"
"(400,500]","bv55c4",0,400,500,450,"st2"
"(400,500]","bv55c4",0,400,500,450,"st2"
"(400,500]","bv55c4",0,400,500,450,"st2"
"(500,600]","bv55c4",0,500,600,550,"st2"
"(500,600]","bv55c4",0,500,600,550,"st2"
"(500,600]","bv55c4",0,500,600,550,"st2"
"(500,600]","bv55c4",0,500,600,550,"st2"
"(600,700]","bv55c4",0,600,700,650,"st2"
"(600,700]","bv55c4",3.03276065863725,600,700,650,"st2"
"(600,700]","bv55c4",0,600,700,650,"st2"
"(600,700]","bv55c4",0,600,700,650,"st2"
"(700,800]","bv55c4",0.259213341358503,700,800,750,"st2"
"(700,800]","bv55c4",0.435851535451732,700,800,750,"st2"
"(700,800]","bv55c4",0,700,800,750,"st2"
"(700,800]","bv55c4",0,700,800,750,"st2"
"(80,120]","bv55c4",0,80,120,100,"st2"
"(80,120]","bv55c4",1.52564349200853,80,120,100,"st2"
"(80,120]","bv55c4",5.08116727851469,80,120,100,"st2"
"(80,120]","bv55c4",21.2348782543657,80,120,100,"st2"
"(800,900]","bv55c4",0,800,900,850,"st2"
"(800,900]","bv55c4",0.611672190290941,800,900,850,"st2"
"(800,900]","bv55c4",0,800,900,850,"st2"
"(800,900]","bv55c4",0,800,900,850,"st2"
"(900,1e+03]","bv55c4",0,900,1000,950,"st2"
"(900,1e+03]","bv55c4",5.17181927237444,900,1000,950,"st2"
"(900,1e+03]","bv55c4",0,900,1000,950,"st2"
"(900,1e+03]","bv55c4",0,900,1000,950,"st2"
"(0,40]","bv55c6",0,0,40,20,"st3"
"(0,40]","bv55c6",0,0,40,20,"st3"
"(0,40]","bv55c6",0,0,40,20,"st3"
"(0,40]","bv55c6",0,0,40,20,"st3"
"(1.1e+03,1.2e+03]","bv55c6",1.15497103700659,1100,1200,1150,"st3"
"(1.1e+03,1.2e+03]","bv55c6",0,1100,1200,1150,"st3"
"(1.1e+03,1.2e+03]","bv55c6",0,1100,1200,1150,"st3"
"(1.1e+03,1.2e+03]","bv55c6",0,1100,1200,1150,"st3"
"(1.2e+03,1.3e+03]","bv55c6",0,1200,1300,1250,"st3"
"(1.2e+03,1.3e+03]","bv55c6",0,1200,1300,1250,"st3"
"(1.2e+03,1.3e+03]","bv55c6",0,1200,1300,1250,"st3"
"(1.2e+03,1.3e+03]","bv55c6",0,1200,1300,1250,"st3"
"(120,160]","bv55c6",7.51189305118062,120,160,140,"st3"
"(120,160]","bv55c6",0.449777126770035,120,160,140,"st3"
"(120,160]","bv55c6",0,120,160,140,"st3"
"(120,160]","bv55c6",0,120,160,140,"st3"
"(160,200]","bv55c6",0.716959434113424,160,200,180,"st3"
"(160,200]","bv55c6",1.67797789055836,160,200,180,"st3"
"(160,200]","bv55c6",0,160,200,180,"st3"
"(160,200]","bv55c6",0,160,200,180,"st3"
"(1e+03,1.1e+03]","bv55c6",0,1000,1100,1050,"st3"
"(1e+03,1.1e+03]","bv55c6",0,1000,1100,1050,"st3"
"(1e+03,1.1e+03]","bv55c6",0,1000,1100,1050,"st3"
"(1e+03,1.1e+03]","bv55c6",0,1000,1100,1050,"st3"
"(200,300]","bv55c6",1.80641932226402,200,300,250,"st3"
"(200,300]","bv55c6",0,200,300,250,"st3"
"(200,300]","bv55c6",0,200,300,250,"st3"
"(200,300]","bv55c6",0,200,300,250,"st3"
"(300,400]","bv55c6",0,300,400,350,"st3"
"(300,400]","bv55c6",0,300,400,350,"st3"
"(300,400]","bv55c6",0,300,400,350,"st3"
"(300,400]","bv55c6",0,300,400,350,"st3"
"(40,80]","bv55c6",12.0421178893524,40,80,60,"st3"
"(40,80]","bv55c6",0,40,80,60,"st3"
"(40,80]","bv55c6",0,40,80,60,"st3"
"(40,80]","bv55c6",0,40,80,60,"st3"
"(400,500]","bv55c6",0,400,500,450,"st3"
"(400,500]","bv55c6",0,400,500,450,"st3"
"(400,500]","bv55c6",0,400,500,450,"st3"
"(400,500]","bv55c6",0,400,500,450,"st3"
"(500,600]","bv55c6",11.5909988558962,500,600,550,"st3"
"(500,600]","bv55c6",1.85899111661058,500,600,550,"st3"
"(500,600]","bv55c6",0,500,600,550,"st3"
"(500,600]","bv55c6",0,500,600,550,"st3"
"(600,700]","bv55c6",0.229476925277029,600,700,650,"st3"
"(600,700]","bv55c6",2.45273464446265,600,700,650,"st3"
"(600,700]","bv55c6",0,600,700,650,"st3"
"(600,700]","bv55c6",0,600,700,650,"st3"
"(700,800]","bv55c6",0.322263994978986,700,800,750,"st3"
"(700,800]","bv55c6",0,700,800,750,"st3"
"(700,800]","bv55c6",0,700,800,750,"st3"
"(700,800]","bv55c6",0,700,800,750,"st3"
"(80,120]","bv55c6",8.18990884317253,80,120,100,"st3"
"(80,120]","bv55c6",22.0890572231542,80,120,100,"st3"
"(80,120]","bv55c6",0,80,120,100,"st3"
"(80,120]","bv55c6",0,80,120,100,"st3"
"(800,900]","bv55c6",0,800,900,850,"st3"
"(800,900]","bv55c6",0,800,900,850,"st3"
"(800,900]","bv55c6",0,800,900,850,"st3"
"(800,900]","bv55c6",0,800,900,850,"st3"
"(900,1e+03]","bv55c6",1.935071871943,900,1000,950,"st3"
"(900,1e+03]","bv55c6",0,900,1000,950,"st3"
"(900,1e+03]","bv55c6",0,900,1000,950,"st3"
"(900,1e+03]","bv55c6",0,900,1000,950,"st3"
"(0,40]","bv55c7",6.68637399769381,0,40,20,"st3"
"(0,40]","bv55c7",9.08643701135201,0,40,20,"st3"
"(0,40]","bv55c7",0,0,40,20,"st3"
"(0,40]","bv55c7",0,0,40,20,"st3"
"(0,40]","bv55c7",0,0,40,20,"st3"
"(1.1e+03,1.2e+03]","bv55c7",0,1100,1200,1150,"st3"
"(1.1e+03,1.2e+03]","bv55c7",0,1100,1200,1150,"st3"
"(1.1e+03,1.2e+03]","bv55c7",0,1100,1200,1150,"st3"
"(1.1e+03,1.2e+03]","bv55c7",0,1100,1200,1150,"st3"
"(1.1e+03,1.2e+03]","bv55c7",0,1100,1200,1150,"st3"
"(1.2e+03,1.3e+03]","bv55c7",0,1200,1300,1250,"st3"
"(1.2e+03,1.3e+03]","bv55c7",0,1200,1300,1250,"st3"
"(1.2e+03,1.3e+03]","bv55c7",0,1200,1300,1250,"st3"
"(1.2e+03,1.3e+03]","bv55c7",0,1200,1300,1250,"st3"
"(1.2e+03,1.3e+03]","bv55c7",0,1200,1300,1250,"st3"
"(1.3e+03,1.4e+03]","bv55c7",0,1300,1400,1350,"st3"
"(1.3e+03,1.4e+03]","bv55c7",0,1300,1400,1350,"st3"
"(1.3e+03,1.4e+03]","bv55c7",0,1300,1400,1350,"st3"
"(1.3e+03,1.4e+03]","bv55c7",0,1300,1400,1350,"st3"
"(1.3e+03,1.4e+03]","bv55c7",0,1300,1400,1350,"st3"
"(1.4e+03,1.6e+03]","bv55c7",5.26007957777393,1400,1600,1500,"st3"
"(1.4e+03,1.6e+03]","bv55c7",0,1400,1600,1500,"st3"
"(1.4e+03,1.6e+03]","bv55c7",0,1400,1600,1500,"st3"
"(1.4e+03,1.6e+03]","bv55c7",0,1400,1600,1500,"st3"
"(1.4e+03,1.6e+03]","bv55c7",0,1400,1600,1500,"st3"
"(1.6e+03,1.8e+03]","bv55c7",7.35564741640023,1600,1800,1700,"st3"
"(1.6e+03,1.8e+03]","bv55c7",0,1600,1800,1700,"st3"
"(1.6e+03,1.8e+03]","bv55c7",0,1600,1800,1700,"st3"
"(1.6e+03,1.8e+03]","bv55c7",0,1600,1800,1700,"st3"
"(1.6e+03,1.8e+03]","bv55c7",0,1600,1800,1700,"st3"
"(1.8e+03,2e+03]","bv55c7",1.0185464647974,1800,2000,1900,"st3"
"(1.8e+03,2e+03]","bv55c7",0,1800,2000,1900,"st3"
"(1.8e+03,2e+03]","bv55c7",0,1800,2000,1900,"st3"
"(1.8e+03,2e+03]","bv55c7",0,1800,2000,1900,"st3"
"(1.8e+03,2e+03]","bv55c7",0,1800,2000,1900,"st3"
"(120,160]","bv55c7",29.0429376078551,120,160,140,"st3"
"(120,160]","bv55c7",0,120,160,140,"st3"
"(120,160]","bv55c7",0,120,160,140,"st3"
"(120,160]","bv55c7",0,120,160,140,"st3"
"(120,160]","bv55c7",0,120,160,140,"st3"
"(160,200]","bv55c7",21.2860545365616,160,200,180,"st3"
"(160,200]","bv55c7",0,160,200,180,"st3"
"(160,200]","bv55c7",0,160,200,180,"st3"
"(160,200]","bv55c7",0,160,200,180,"st3"
"(160,200]","bv55c7",0,160,200,180,"st3"
"(1e+03,1.1e+03]","bv55c7",12.4726984507565,1000,1100,1050,"st3"
"(1e+03,1.1e+03]","bv55c7",0,1000,1100,1050,"st3"
"(1e+03,1.1e+03]","bv55c7",0,1000,1100,1050,"st3"
"(1e+03,1.1e+03]","bv55c7",0,1000,1100,1050,"st3"
"(1e+03,1.1e+03]","bv55c7",0,1000,1100,1050,"st3"
"(2.2e+03,2.4e+03]","bv55c7",0.818220657088845,2200,2400,2300,"st3"
"(2.2e+03,2.4e+03]","bv55c7",0,2200,2400,2300,"st3"
"(2.2e+03,2.4e+03]","bv55c7",0,2200,2400,2300,"st3"
"(2.2e+03,2.4e+03]","bv55c7",0,2200,2400,2300,"st3"
"(2.2e+03,2.4e+03]","bv55c7",0,2200,2400,2300,"st3"
"(2.4e+03,2.6e+03]","bv55c7",0.369855286202439,2400,2600,2500,"st3"
"(2.4e+03,2.6e+03]","bv55c7",0,2400,2600,2500,"st3"
"(2.4e+03,2.6e+03]","bv55c7",0,2400,2600,2500,"st3"
"(2.4e+03,2.6e+03]","bv55c7",0,2400,2600,2500,"st3"
"(2.4e+03,2.6e+03]","bv55c7",0,2400,2600,2500,"st3"
"(2.6e+03,2.8e+03]","bv55c7",0.103847815309508,2600,2800,2700,"st3"
"(2.6e+03,2.8e+03]","bv55c7",0,2600,2800,2700,"st3"
"(2.6e+03,2.8e+03]","bv55c7",0,2600,2800,2700,"st3"
"(2.6e+03,2.8e+03]","bv55c7",0,2600,2800,2700,"st3"
"(2.6e+03,2.8e+03]","bv55c7",0,2600,2800,2700,"st3"
"(2.8e+03,3e+03]","bv55c7",0.35344760245195,2800,3000,2900,"st3"
"(2.8e+03,3e+03]","bv55c7",0,2800,3000,2900,"st3"
"(2.8e+03,3e+03]","bv55c7",0,2800,3000,2900,"st3"
"(2.8e+03,3e+03]","bv55c7",0,2800,3000,2900,"st3"
"(2.8e+03,3e+03]","bv55c7",0,2800,3000,2900,"st3"
"(200,300]","bv55c7",0,200,300,250,"st3"
"(200,300]","bv55c7",0,200,300,250,"st3"
"(200,300]","bv55c7",0,200,300,250,"st3"
"(200,300]","bv55c7",0,200,300,250,"st3"
"(200,300]","bv55c7",0,200,300,250,"st3"
"(2e+03,2.2e+03]","bv55c7",0,2000,2200,2100,"st3"
"(2e+03,2.2e+03]","bv55c7",0,2000,2200,2100,"st3"
"(2e+03,2.2e+03]","bv55c7",0,2000,2200,2100,"st3"
"(2e+03,2.2e+03]","bv55c7",0,2000,2200,2100,"st3"
"(2e+03,2.2e+03]","bv55c7",0,2000,2200,2100,"st3"
"(3.2e+03,3.4e+03]","bv55c7",0,3200,3400,3300,"st3"
"(3.2e+03,3.4e+03]","bv55c7",0,3200,3400,3300,"st3"
"(3.2e+03,3.4e+03]","bv55c7",0,3200,3400,3300,"st3"
"(3.2e+03,3.4e+03]","bv55c7",0,3200,3400,3300,"st3"
"(3.2e+03,3.4e+03]","bv55c7",0,3200,3400,3300,"st3"
"(3.4e+03,3.6e+03]","bv55c7",0,3400,3600,3500,"st3"
"(3.4e+03,3.6e+03]","bv55c7",0,3400,3600,3500,"st3"
"(3.4e+03,3.6e+03]","bv55c7",0,3400,3600,3500,"st3"
"(3.4e+03,3.6e+03]","bv55c7",0,3400,3600,3500,"st3"
"(3.4e+03,3.6e+03]","bv55c7",0,3400,3600,3500,"st3"
"(3.6e+03,3.8e+03]","bv55c7",0,3600,3800,3700,"st3"
"(3.6e+03,3.8e+03]","bv55c7",0,3600,3800,3700,"st3"
"(3.6e+03,3.8e+03]","bv55c7",0,3600,3800,3700,"st3"
"(3.6e+03,3.8e+03]","bv55c7",0,3600,3800,3700,"st3"
"(3.6e+03,3.8e+03]","bv55c7",0,3600,3800,3700,"st3"
"(3.8e+03,4e+03]","bv55c7",0,3800,4000,3900,"st3"
"(3.8e+03,4e+03]","bv55c7",0,3800,4000,3900,"st3"
"(3.8e+03,4e+03]","bv55c7",0,3800,4000,3900,"st3"
"(3.8e+03,4e+03]","bv55c7",0,3800,4000,3900,"st3"
"(3.8e+03,4e+03]","bv55c7",0,3800,4000,3900,"st3"
"(300,400]","bv55c7",1.73591415236867,300,400,350,"st3"
"(300,400]","bv55c7",0,300,400,350,"st3"
"(300,400]","bv55c7",0,300,400,350,"st3"
"(300,400]","bv55c7",0,300,400,350,"st3"
"(300,400]","bv55c7",0,300,400,350,"st3"
"(3e+03,3.2e+03]","bv55c7",1.02285634933945,3000,3200,3100,"st3"
"(3e+03,3.2e+03]","bv55c7",0,3000,3200,3100,"st3"
"(3e+03,3.2e+03]","bv55c7",0,3000,3200,3100,"st3"
"(3e+03,3.2e+03]","bv55c7",0,3000,3200,3100,"st3"
"(3e+03,3.2e+03]","bv55c7",0,3000,3200,3100,"st3"
"(4.2e+03,4.4e+03]","bv55c7",0,4200,4400,4300,"st3"
"(4.2e+03,4.4e+03]","bv55c7",0,4200,4400,4300,"st3"
"(4.2e+03,4.4e+03]","bv55c7",0,4200,4400,4300,"st3"
"(4.2e+03,4.4e+03]","bv55c7",0,4200,4400,4300,"st3"
"(4.2e+03,4.4e+03]","bv55c7",0,4200,4400,4300,"st3"
"(4.4e+03,4.6e+03]","bv55c7",4.55901175206248,4400,4600,4500,"st3"
"(4.4e+03,4.6e+03]","bv55c7",0,4400,4600,4500,"st3"
"(4.4e+03,4.6e+03]","bv55c7",0,4400,4600,4500,"st3"
"(4.4e+03,4.6e+03]","bv55c7",0,4400,4600,4500,"st3"
"(4.4e+03,4.6e+03]","bv55c7",0,4400,4600,4500,"st3"
"(4.6e+03,4.8e+03]","bv55c7",0,4600,4800,4700,"st3"
"(4.6e+03,4.8e+03]","bv55c7",0,4600,4800,4700,"st3"
"(4.6e+03,4.8e+03]","bv55c7",0,4600,4800,4700,"st3"
"(4.6e+03,4.8e+03]","bv55c7",0,4600,4800,4700,"st3"
"(4.6e+03,4.8e+03]","bv55c7",0,4600,4800,4700,"st3"
"(4.8e+03,5e+03]","bv55c7",0,4800,5000,4900,"st3"
"(4.8e+03,5e+03]","bv55c7",0,4800,5000,4900,"st3"
"(4.8e+03,5e+03]","bv55c7",0,4800,5000,4900,"st3"
"(4.8e+03,5e+03]","bv55c7",0,4800,5000,4900,"st3"
"(4.8e+03,5e+03]","bv55c7",0,4800,5000,4900,"st3"
"(40,80]","bv55c7",34.0130455177284,40,80,60,"st3"
"(40,80]","bv55c7",1.53060733794459,40,80,60,"st3"
"(40,80]","bv55c7",0,40,80,60,"st3"
"(40,80]","bv55c7",0,40,80,60,"st3"
"(40,80]","bv55c7",0,40,80,60,"st3"
"(400,500]","bv55c7",48.9530586686689,400,500,450,"st3"
"(400,500]","bv55c7",3.73442852062595,400,500,450,"st3"
"(400,500]","bv55c7",0.395635256799864,400,500,450,"st3"
"(400,500]","bv55c7",0,400,500,450,"st3"
"(400,500]","bv55c7",0,400,500,450,"st3"
"(4e+03,4.2e+03]","bv55c7",0,4000,4200,4100,"st3"
"(4e+03,4.2e+03]","bv55c7",0,4000,4200,4100,"st3"
"(4e+03,4.2e+03]","bv55c7",0,4000,4200,4100,"st3"
"(4e+03,4.2e+03]","bv55c7",0,4000,4200,4100,"st3"
"(4e+03,4.2e+03]","bv55c7",0,4000,4200,4100,"st3"
"(5.2e+03,5.29e+03]","bv55c7",0,5200,5290,5245,"st3"
"(5.2e+03,5.29e+03]","bv55c7",0,5200,5290,5245,"st3"
"(5.2e+03,5.29e+03]","bv55c7",0,5200,5290,5245,"st3"
"(5.2e+03,5.29e+03]","bv55c7",0,5200,5290,5245,"st3"
"(5.2e+03,5.29e+03]","bv55c7",0,5200,5290,5245,"st3"
"(500,600]","bv55c7",0.427605695591834,500,600,550,"st3"
"(500,600]","bv55c7",10.2412031148627,500,600,550,"st3"
"(500,600]","bv55c7",0.67988929196624,500,600,550,"st3"
"(500,600]","bv55c7",0,500,600,550,"st3"
"(500,600]","bv55c7",0,500,600,550,"st3"
"(5e+03,5.2e+03]","bv55c7",0,5000,5200,5100,"st3"
"(5e+03,5.2e+03]","bv55c7",0,5000,5200,5100,"st3"
"(5e+03,5.2e+03]","bv55c7",0,5000,5200,5100,"st3"
"(5e+03,5.2e+03]","bv55c7",0,5000,5200,5100,"st3"
"(5e+03,5.2e+03]","bv55c7",0,5000,5200,5100,"st3"
"(600,700]","bv55c7",0,600,700,650,"st3"
"(600,700]","bv55c7",0,600,700,650,"st3"
"(600,700]","bv55c7",0,600,700,650,"st3"
"(600,700]","bv55c7",0,600,700,650,"st3"
"(600,700]","bv55c7",0,600,700,650,"st3"
"(700,800]","bv55c7",65.2039958070609,700,800,750,"st3"
"(700,800]","bv55c7",0,700,800,750,"st3"
"(700,800]","bv55c7",0,700,800,750,"st3"
"(700,800]","bv55c7",0,700,800,750,"st3"
"(700,800]","bv55c7",0,700,800,750,"st3"
"(80,120]","bv55c7",5.99957109193364,80,120,100,"st3"
"(80,120]","bv55c7",0,80,120,100,"st3"
"(80,120]","bv55c7",0,80,120,100,"st3"
"(80,120]","bv55c7",0,80,120,100,"st3"
"(80,120]","bv55c7",0,80,120,100,"st3"
"(800,900]","bv55c7",0,800,900,850,"st3"
"(800,900]","bv55c7",0,800,900,850,"st3"
"(800,900]","bv55c7",0,800,900,850,"st3"
"(800,900]","bv55c7",0,800,900,850,"st3"
"(800,900]","bv55c7",0,800,900,850,"st3"
"(900,1e+03]","bv55c7",0.609337788506636,900,1000,950,"st3"
"(900,1e+03]","bv55c7",3.24040890750873,900,1000,950,"st3"
"(900,1e+03]","bv55c7",0,900,1000,950,"st3"
"(900,1e+03]","bv55c7",0,900,1000,950,"st3"
"(900,1e+03]","bv55c7",0,900,1000,950,"st3"
"(0,40]","bv55c8",5.20163797680761,0,40,20,"st4"
"(0,40]","bv55c8",63.1221179180684,0,40,20,"st4"
"(0,40]","bv55c8",39.0179955368685,0,40,20,"st4"
"(0,40]","bv55c8",0,0,40,20,"st4"
"(0,40]","bv55c8",0,0,40,20,"st4"
"(1.1e+03,1.2e+03]","bv55c8",0,1100,1200,1150,"st4"
"(1.1e+03,1.2e+03]","bv55c8",0,1100,1200,1150,"st4"
"(1.1e+03,1.2e+03]","bv55c8",0,1100,1200,1150,"st4"
"(1.1e+03,1.2e+03]","bv55c8",0,1100,1200,1150,"st4"
"(1.1e+03,1.2e+03]","bv55c8",0,1100,1200,1150,"st4"
"(1.2e+03,1.3e+03]","bv55c8",0.7409472503653,1200,1300,1250,"st4"
"(1.2e+03,1.3e+03]","bv55c8",0,1200,1300,1250,"st4"
"(1.2e+03,1.3e+03]","bv55c8",0,1200,1300,1250,"st4"
"(1.2e+03,1.3e+03]","bv55c8",0,1200,1300,1250,"st4"
"(1.2e+03,1.3e+03]","bv55c8",0,1200,1300,1250,"st4"
"(1.3e+03,1.4e+03]","bv55c8",17.8209207729686,1300,1400,1350,"st4"
"(1.3e+03,1.4e+03]","bv55c8",0,1300,1400,1350,"st4"
"(1.3e+03,1.4e+03]","bv55c8",0,1300,1400,1350,"st4"
"(1.3e+03,1.4e+03]","bv55c8",0,1300,1400,1350,"st4"
"(1.3e+03,1.4e+03]","bv55c8",0,1300,1400,1350,"st4"
"(1.4e+03,1.6e+03]","bv55c8",0.554563986398664,1400,1600,1500,"st4"
"(1.4e+03,1.6e+03]","bv55c8",0,1400,1600,1500,"st4"
"(1.4e+03,1.6e+03]","bv55c8",0,1400,1600,1500,"st4"
"(1.4e+03,1.6e+03]","bv55c8",0,1400,1600,1500,"st4"
"(1.4e+03,1.6e+03]","bv55c8",0,1400,1600,1500,"st4"
"(1.6e+03,1.8e+03]","bv55c8",1.27365804205243,1600,1800,1700,"st4"
"(1.6e+03,1.8e+03]","bv55c8",0,1600,1800,1700,"st4"
"(1.6e+03,1.8e+03]","bv55c8",0,1600,1800,1700,"st4"
"(1.6e+03,1.8e+03]","bv55c8",0,1600,1800,1700,"st4"
"(1.6e+03,1.8e+03]","bv55c8",0,1600,1800,1700,"st4"
"(1.8e+03,2e+03]","bv55c8",0.473326795300256,1800,2000,1900,"st4"
"(1.8e+03,2e+03]","bv55c8",0,1800,2000,1900,"st4"
"(1.8e+03,2e+03]","bv55c8",0,1800,2000,1900,"st4"
"(1.8e+03,2e+03]","bv55c8",0,1800,2000,1900,"st4"
"(1.8e+03,2e+03]","bv55c8",0,1800,2000,1900,"st4"
"(120,160]","bv55c8",0.821686937159459,120,160,140,"st4"
"(120,160]","bv55c8",0,120,160,140,"st4"
"(120,160]","bv55c8",0,120,160,140,"st4"
"(120,160]","bv55c8",0,120,160,140,"st4"
"(120,160]","bv55c8",0,120,160,140,"st4"
"(160,200]","bv55c8",9.27834067066173,160,200,180,"st4"
"(160,200]","bv55c8",1.24647779538325,160,200,180,"st4"
"(160,200]","bv55c8",0,160,200,180,"st4"
"(160,200]","bv55c8",0,160,200,180,"st4"
"(160,200]","bv55c8",0,160,200,180,"st4"
"(1e+03,1.1e+03]","bv55c8",0,1000,1100,1050,"st4"
"(1e+03,1.1e+03]","bv55c8",0,1000,1100,1050,"st4"
"(1e+03,1.1e+03]","bv55c8",0,1000,1100,1050,"st4"
"(1e+03,1.1e+03]","bv55c8",0,1000,1100,1050,"st4"
"(1e+03,1.1e+03]","bv55c8",0,1000,1100,1050,"st4"
"(2.2e+03,2.4e+03]","bv55c8",0.171695844666856,2200,2400,2300,"st4"
"(2.2e+03,2.4e+03]","bv55c8",0,2200,2400,2300,"st4"
"(2.2e+03,2.4e+03]","bv55c8",0,2200,2400,2300,"st4"
"(2.2e+03,2.4e+03]","bv55c8",0,2200,2400,2300,"st4"
"(2.2e+03,2.4e+03]","bv55c8",0,2200,2400,2300,"st4"
"(2.4e+03,2.6e+03]","bv55c8",10.2865021656313,2400,2600,2500,"st4"
"(2.4e+03,2.6e+03]","bv55c8",0,2400,2600,2500,"st4"
"(2.4e+03,2.6e+03]","bv55c8",0,2400,2600,2500,"st4"
"(2.4e+03,2.6e+03]","bv55c8",0,2400,2600,2500,"st4"
"(2.4e+03,2.6e+03]","bv55c8",0,2400,2600,2500,"st4"
"(2.6e+03,2.8e+03]","bv55c8",1.32439871919115,2600,2800,2700,"st4"
"(2.6e+03,2.8e+03]","bv55c8",0,2600,2800,2700,"st4"
"(2.6e+03,2.8e+03]","bv55c8",0,2600,2800,2700,"st4"
"(2.6e+03,2.8e+03]","bv55c8",0,2600,2800,2700,"st4"
"(2.6e+03,2.8e+03]","bv55c8",0,2600,2800,2700,"st4"
"(2.8e+03,3e+03]","bv55c8",0,2800,3000,2900,"st4"
"(2.8e+03,3e+03]","bv55c8",0,2800,3000,2900,"st4"
"(2.8e+03,3e+03]","bv55c8",0,2800,3000,2900,"st4"
"(2.8e+03,3e+03]","bv55c8",0,2800,3000,2900,"st4"
"(2.8e+03,3e+03]","bv55c8",0,2800,3000,2900,"st4"
"(200,300]","bv55c8",2.29540002787175,200,300,250,"st4"
"(200,300]","bv55c8",0,200,300,250,"st4"
"(200,300]","bv55c8",0,200,300,250,"st4"
"(200,300]","bv55c8",0,200,300,250,"st4"
"(200,300]","bv55c8",0,200,300,250,"st4"
"(2e+03,2.2e+03]","bv55c8",0,2000,2200,2100,"st4"
"(2e+03,2.2e+03]","bv55c8",0,2000,2200,2100,"st4"
"(2e+03,2.2e+03]","bv55c8",0,2000,2200,2100,"st4"
"(2e+03,2.2e+03]","bv55c8",0,2000,2200,2100,"st4"
"(2e+03,2.2e+03]","bv55c8",0,2000,2200,2100,"st4"
"(3.2e+03,3.4e+03]","bv55c8",0,3200,3400,3300,"st4"
"(3.2e+03,3.4e+03]","bv55c8",0,3200,3400,3300,"st4"
"(3.2e+03,3.4e+03]","bv55c8",0,3200,3400,3300,"st4"
"(3.2e+03,3.4e+03]","bv55c8",0,3200,3400,3300,"st4"
"(3.2e+03,3.4e+03]","bv55c8",0,3200,3400,3300,"st4"
"(3.4e+03,3.6e+03]","bv55c8",0,3400,3600,3500,"st4"
"(3.4e+03,3.6e+03]","bv55c8",0,3400,3600,3500,"st4"
"(3.4e+03,3.6e+03]","bv55c8",0,3400,3600,3500,"st4"
"(3.4e+03,3.6e+03]","bv55c8",0,3400,3600,3500,"st4"
"(3.4e+03,3.6e+03]","bv55c8",0,3400,3600,3500,"st4"
"(3.6e+03,3.8e+03]","bv55c8",0.103113280635678,3600,3800,3700,"st4"
"(3.6e+03,3.8e+03]","bv55c8",0,3600,3800,3700,"st4"
"(3.6e+03,3.8e+03]","bv55c8",0,3600,3800,3700,"st4"
"(3.6e+03,3.8e+03]","bv55c8",0,3600,3800,3700,"st4"
"(3.6e+03,3.8e+03]","bv55c8",0,3600,3800,3700,"st4"
"(3.8e+03,4e+03]","bv55c8",0,3800,4000,3900,"st4"
"(3.8e+03,4e+03]","bv55c8",0,3800,4000,3900,"st4"
"(3.8e+03,4e+03]","bv55c8",0,3800,4000,3900,"st4"
"(3.8e+03,4e+03]","bv55c8",0,3800,4000,3900,"st4"
"(3.8e+03,4e+03]","bv55c8",0,3800,4000,3900,"st4"
"(300,400]","bv55c8",0,300,400,350,"st4"
"(300,400]","bv55c8",0,300,400,350,"st4"
"(300,400]","bv55c8",0,300,400,350,"st4"
"(300,400]","bv55c8",0,300,400,350,"st4"
"(300,400]","bv55c8",0,300,400,350,"st4"
"(3e+03,3.2e+03]","bv55c8",0,3000,3200,3100,"st4"
"(3e+03,3.2e+03]","bv55c8",0,3000,3200,3100,"st4"
"(3e+03,3.2e+03]","bv55c8",0,3000,3200,3100,"st4"
"(3e+03,3.2e+03]","bv55c8",0,3000,3200,3100,"st4"
"(3e+03,3.2e+03]","bv55c8",0,3000,3200,3100,"st4"
"(4.2e+03,4.4e+03]","bv55c8",0,4200,4400,4300,"st4"
"(4.2e+03,4.4e+03]","bv55c8",0,4200,4400,4300,"st4"
"(4.2e+03,4.4e+03]","bv55c8",0,4200,4400,4300,"st4"
"(4.2e+03,4.4e+03]","bv55c8",0,4200,4400,4300,"st4"
"(4.2e+03,4.4e+03]","bv55c8",0,4200,4400,4300,"st4"
"(4.4e+03,4.6e+03]","bv55c8",0,4400,4600,4500,"st4"
"(4.4e+03,4.6e+03]","bv55c8",0,4400,4600,4500,"st4"
"(4.4e+03,4.6e+03]","bv55c8",0,4400,4600,4500,"st4"
"(4.4e+03,4.6e+03]","bv55c8",0,4400,4600,4500,"st4"
"(4.4e+03,4.6e+03]","bv55c8",0,4400,4600,4500,"st4"
"(4.6e+03,4.8e+03]","bv55c8",0,4600,4800,4700,"st4"
"(4.6e+03,4.8e+03]","bv55c8",0,4600,4800,4700,"st4"
"(4.6e+03,4.8e+03]","bv55c8",0,4600,4800,4700,"st4"
"(4.6e+03,4.8e+03]","bv55c8",0,4600,4800,4700,"st4"
"(4.6e+03,4.8e+03]","bv55c8",0,4600,4800,4700,"st4"
"(4.8e+03,5e+03]","bv55c8",0,4800,5000,4900,"st4"
"(4.8e+03,5e+03]","bv55c8",0,4800,5000,4900,"st4"
"(4.8e+03,5e+03]","bv55c8",0,4800,5000,4900,"st4"
"(4.8e+03,5e+03]","bv55c8",0,4800,5000,4900,"st4"
"(4.8e+03,5e+03]","bv55c8",0,4800,5000,4900,"st4"
"(40,80]","bv55c8",0.831349196929868,40,80,60,"st4"
"(40,80]","bv55c8",75.5248319197786,40,80,60,"st4"
"(40,80]","bv55c8",0.647730780034144,40,80,60,"st4"
"(40,80]","bv55c8",0,40,80,60,"st4"
"(40,80]","bv55c8",0,40,80,60,"st4"
"(400,500]","bv55c8",0.188343032186642,400,500,450,"st4"
"(400,500]","bv55c8",0.255406439189839,400,500,450,"st4"
"(400,500]","bv55c8",0,400,500,450,"st4"
"(400,500]","bv55c8",0,400,500,450,"st4"
"(400,500]","bv55c8",0,400,500,450,"st4"
"(4e+03,4.2e+03]","bv55c8",0.160467772102398,4000,4200,4100,"st4"
"(4e+03,4.2e+03]","bv55c8",0,4000,4200,4100,"st4"
"(4e+03,4.2e+03]","bv55c8",0,4000,4200,4100,"st4"
"(4e+03,4.2e+03]","bv55c8",0,4000,4200,4100,"st4"
"(4e+03,4.2e+03]","bv55c8",0,4000,4200,4100,"st4"
"(5.2e+03,5.22e+03]","bv55c8",0,5200,5220,5210,"st4"
"(5.2e+03,5.22e+03]","bv55c8",0,5200,5220,5210,"st4"
"(5.2e+03,5.22e+03]","bv55c8",0,5200,5220,5210,"st4"
"(5.2e+03,5.22e+03]","bv55c8",0,5200,5220,5210,"st4"
"(5.2e+03,5.22e+03]","bv55c8",0,5200,5220,5210,"st4"
"(500,600]","bv55c8",4.20269727590874,500,600,550,"st4"
"(500,600]","bv55c8",0,500,600,550,"st4"
"(500,600]","bv55c8",0,500,600,550,"st4"
"(500,600]","bv55c8",0,500,600,550,"st4"
"(500,600]","bv55c8",0,500,600,550,"st4"
"(5e+03,5.2e+03]","bv55c8",0,5000,5200,5100,"st4"
"(5e+03,5.2e+03]","bv55c8",0,5000,5200,5100,"st4"
"(5e+03,5.2e+03]","bv55c8",0,5000,5200,5100,"st4"
"(5e+03,5.2e+03]","bv55c8",0,5000,5200,5100,"st4"
"(5e+03,5.2e+03]","bv55c8",0,5000,5200,5100,"st4"
"(600,700]","bv55c8",0.571909252473537,600,700,650,"st4"
"(600,700]","bv55c8",1.64952592680461,600,700,650,"st4"
"(600,700]","bv55c8",0,600,700,650,"st4"
"(600,700]","bv55c8",0,600,700,650,"st4"
"(600,700]","bv55c8",0,600,700,650,"st4"
"(700,800]","bv55c8",0.461239852321365,700,800,750,"st4"
"(700,800]","bv55c8",27.7947571761911,700,800,750,"st4"
"(700,800]","bv55c8",0,700,800,750,"st4"
"(700,800]","bv55c8",0,700,800,750,"st4"
"(700,800]","bv55c8",0,700,800,750,"st4"
"(80,120]","bv55c8",0.829208687453946,80,120,100,"st4"
"(80,120]","bv55c8",3.8252234816177,80,120,100,"st4"
"(80,120]","bv55c8",10.907422846679,80,120,100,"st4"
"(80,120]","bv55c8",9.30049847110048,80,120,100,"st4"
"(80,120]","bv55c8",2.02602311737901,80,120,100,"st4"
"(800,900]","bv55c8",0.162299737337606,800,900,850,"st4"
"(800,900]","bv55c8",0.450310378265522,800,900,850,"st4"
"(800,900]","bv55c8",0,800,900,850,"st4"
"(800,900]","bv55c8",0,800,900,850,"st4"
"(800,900]","bv55c8",0,800,900,850,"st4"
"(900,1e+03]","bv55c8",0.773085040281603,900,1000,950,"st4"
"(900,1e+03]","bv55c8",8.71145211285751,900,1000,950,"st4"
"(900,1e+03]","bv55c8",2.35760551898996,900,1000,950,"st4"
"(900,1e+03]","bv55c8",0,900,1000,950,"st4"
"(900,1e+03]","bv55c8",0,900,1000,950,"st4"
"(0,40]","bv55c9",1.5960844962401,0,40,20,"st5"
"(0,40]","bv55c9",13.5107722188049,0,40,20,"st5"
"(0,40]","bv55c9",7.51106615200448,0,40,20,"st5"
"(0,40]","bv55c9",0.74284041419817,0,40,20,"st5"
"(0,40]","bv55c9",0,0,40,20,"st5"
"(1.1e+03,1.2e+03]","bv55c9",7.02783111798276,1100,1200,1150,"st5"
"(1.1e+03,1.2e+03]","bv55c9",0,1100,1200,1150,"st5"
"(1.1e+03,1.2e+03]","bv55c9",0,1100,1200,1150,"st5"
"(1.1e+03,1.2e+03]","bv55c9",0,1100,1200,1150,"st5"
"(1.1e+03,1.2e+03]","bv55c9",0,1100,1200,1150,"st5"
"(1.2e+03,1.3e+03]","bv55c9",9.35322671702557,1200,1300,1250,"st5"
"(1.2e+03,1.3e+03]","bv55c9",0,1200,1300,1250,"st5"
"(1.2e+03,1.3e+03]","bv55c9",0,1200,1300,1250,"st5"
"(1.2e+03,1.3e+03]","bv55c9",0,1200,1300,1250,"st5"
"(1.2e+03,1.3e+03]","bv55c9",0,1200,1300,1250,"st5"
"(1.3e+03,1.4e+03]","bv55c9",29.4206427941807,1300,1400,1350,"st5"
"(1.3e+03,1.4e+03]","bv55c9",0,1300,1400,1350,"st5"
"(1.3e+03,1.4e+03]","bv55c9",0,1300,1400,1350,"st5"
"(1.3e+03,1.4e+03]","bv55c9",0,1300,1400,1350,"st5"
"(1.3e+03,1.4e+03]","bv55c9",0,1300,1400,1350,"st5"
"(1.4e+03,1.6e+03]","bv55c9",2.96056666558439,1400,1600,1500,"st5"
"(1.4e+03,1.6e+03]","bv55c9",0,1400,1600,1500,"st5"
"(1.4e+03,1.6e+03]","bv55c9",0,1400,1600,1500,"st5"
"(1.4e+03,1.6e+03]","bv55c9",0,1400,1600,1500,"st5"
"(1.4e+03,1.6e+03]","bv55c9",0,1400,1600,1500,"st5"
"(1.6e+03,1.8e+03]","bv55c9",10.1440723856332,1600,1800,1700,"st5"
"(1.6e+03,1.8e+03]","bv55c9",0,1600,1800,1700,"st5"
"(1.6e+03,1.8e+03]","bv55c9",0,1600,1800,1700,"st5"
"(1.6e+03,1.8e+03]","bv55c9",0,1600,1800,1700,"st5"
"(1.6e+03,1.8e+03]","bv55c9",0,1600,1800,1700,"st5"
"(1.8e+03,2e+03]","bv55c9",0.548418890675241,1800,2000,1900,"st5"
"(1.8e+03,2e+03]","bv55c9",0.139182918933331,1800,2000,1900,"st5"
"(1.8e+03,2e+03]","bv55c9",0,1800,2000,1900,"st5"
"(1.8e+03,2e+03]","bv55c9",0,1800,2000,1900,"st5"
"(1.8e+03,2e+03]","bv55c9",0,1800,2000,1900,"st5"
"(120,160]","bv55c9",0,120,160,140,"st5"
"(120,160]","bv55c9",0,120,160,140,"st5"
"(120,160]","bv55c9",0,120,160,140,"st5"
"(120,160]","bv55c9",0,120,160,140,"st5"
"(120,160]","bv55c9",0,120,160,140,"st5"
"(160,200]","bv55c9",0,160,200,180,"st5"
"(160,200]","bv55c9",0,160,200,180,"st5"
"(160,200]","bv55c9",0,160,200,180,"st5"
"(160,200]","bv55c9",0,160,200,180,"st5"
"(160,200]","bv55c9",0,160,200,180,"st5"
"(1e+03,1.1e+03]","bv55c9",0,1000,1100,1050,"st5"
"(1e+03,1.1e+03]","bv55c9",0,1000,1100,1050,"st5"
"(1e+03,1.1e+03]","bv55c9",0,1000,1100,1050,"st5"
"(1e+03,1.1e+03]","bv55c9",0,1000,1100,1050,"st5"
"(1e+03,1.1e+03]","bv55c9",0,1000,1100,1050,"st5"
"(2.2e+03,2.4e+03]","bv55c9",0.450149482320638,2200,2400,2300,"st5"
"(2.2e+03,2.4e+03]","bv55c9",0.719156943573229,2200,2400,2300,"st5"
"(2.2e+03,2.4e+03]","bv55c9",0,2200,2400,2300,"st5"
"(2.2e+03,2.4e+03]","bv55c9",0,2200,2400,2300,"st5"
"(2.2e+03,2.4e+03]","bv55c9",0,2200,2400,2300,"st5"
"(2.4e+03,2.6e+03]","bv55c9",0,2400,2600,2500,"st5"
"(2.4e+03,2.6e+03]","bv55c9",0,2400,2600,2500,"st5"
"(2.4e+03,2.6e+03]","bv55c9",0,2400,2600,2500,"st5"
"(2.4e+03,2.6e+03]","bv55c9",0,2400,2600,2500,"st5"
"(2.4e+03,2.6e+03]","bv55c9",0,2400,2600,2500,"st5"
"(2.6e+03,2.8e+03]","bv55c9",0.52953997643217,2600,2800,2700,"st5"
"(2.6e+03,2.8e+03]","bv55c9",0,2600,2800,2700,"st5"
"(2.6e+03,2.8e+03]","bv55c9",0,2600,2800,2700,"st5"
"(2.6e+03,2.8e+03]","bv55c9",0,2600,2800,2700,"st5"
"(2.6e+03,2.8e+03]","bv55c9",0,2600,2800,2700,"st5"
"(2.8e+03,3e+03]","bv55c9",0.853983270889176,2800,3000,2900,"st5"
"(2.8e+03,3e+03]","bv55c9",0,2800,3000,2900,"st5"
"(2.8e+03,3e+03]","bv55c9",0,2800,3000,2900,"st5"
"(2.8e+03,3e+03]","bv55c9",0,2800,3000,2900,"st5"
"(2.8e+03,3e+03]","bv55c9",0,2800,3000,2900,"st5"
"(200,300]","bv55c9",0.374106709415432,200,300,250,"st5"
"(200,300]","bv55c9",0,200,300,250,"st5"
"(200,300]","bv55c9",0,200,300,250,"st5"
"(200,300]","bv55c9",0,200,300,250,"st5"
"(200,300]","bv55c9",0,200,300,250,"st5"
"(2e+03,2.2e+03]","bv55c9",0.562830886838918,2000,2200,2100,"st5"
"(2e+03,2.2e+03]","bv55c9",0,2000,2200,2100,"st5"
"(2e+03,2.2e+03]","bv55c9",0,2000,2200,2100,"st5"
"(2e+03,2.2e+03]","bv55c9",0,2000,2200,2100,"st5"
"(2e+03,2.2e+03]","bv55c9",0,2000,2200,2100,"st5"
"(3.2e+03,3.4e+03]","bv55c9",0.915692133031433,3200,3400,3300,"st5"
"(3.2e+03,3.4e+03]","bv55c9",0.193038544148078,3200,3400,3300,"st5"
"(3.2e+03,3.4e+03]","bv55c9",0,3200,3400,3300,"st5"
"(3.2e+03,3.4e+03]","bv55c9",0,3200,3400,3300,"st5"
"(3.2e+03,3.4e+03]","bv55c9",0,3200,3400,3300,"st5"
"(3.4e+03,3.6e+03]","bv55c9",0.278806006573219,3400,3600,3500,"st5"
"(3.4e+03,3.6e+03]","bv55c9",0,3400,3600,3500,"st5"
"(3.4e+03,3.6e+03]","bv55c9",0,3400,3600,3500,"st5"
"(3.4e+03,3.6e+03]","bv55c9",0,3400,3600,3500,"st5"
"(3.4e+03,3.6e+03]","bv55c9",0,3400,3600,3500,"st5"
"(3.6e+03,3.8e+03]","bv55c9",0.442974595052836,3600,3800,3700,"st5"
"(3.6e+03,3.8e+03]","bv55c9",0,3600,3800,3700,"st5"
"(3.6e+03,3.8e+03]","bv55c9",0,3600,3800,3700,"st5"
"(3.6e+03,3.8e+03]","bv55c9",0,3600,3800,3700,"st5"
"(3.6e+03,3.8e+03]","bv55c9",0,3600,3800,3700,"st5"
"(3.8e+03,4e+03]","bv55c9",0,3800,4000,3900,"st5"
"(3.8e+03,4e+03]","bv55c9",0,3800,4000,3900,"st5"
"(3.8e+03,4e+03]","bv55c9",0,3800,4000,3900,"st5"
"(3.8e+03,4e+03]","bv55c9",0,3800,4000,3900,"st5"
"(3.8e+03,4e+03]","bv55c9",0,3800,4000,3900,"st5"
"(300,400]","bv55c9",0.977851689380525,300,400,350,"st5"
"(300,400]","bv55c9",0,300,400,350,"st5"
"(300,400]","bv55c9",0,300,400,350,"st5"
"(300,400]","bv55c9",0,300,400,350,"st5"
"(300,400]","bv55c9",0,300,400,350,"st5"
"(3e+03,3.2e+03]","bv55c9",0,3000,3200,3100,"st5"
"(3e+03,3.2e+03]","bv55c9",0,3000,3200,3100,"st5"
"(3e+03,3.2e+03]","bv55c9",0,3000,3200,3100,"st5"
"(3e+03,3.2e+03]","bv55c9",0,3000,3200,3100,"st5"
"(3e+03,3.2e+03]","bv55c9",0,3000,3200,3100,"st5"
"(4.2e+03,4.4e+03]","bv55c9",0,4200,4400,4300,"st5"
"(4.2e+03,4.4e+03]","bv55c9",0,4200,4400,4300,"st5"
"(4.2e+03,4.4e+03]","bv55c9",0,4200,4400,4300,"st5"
"(4.2e+03,4.4e+03]","bv55c9",0,4200,4400,4300,"st5"
"(4.2e+03,4.4e+03]","bv55c9",0,4200,4400,4300,"st5"
"(4.4e+03,4.6e+03]","bv55c9",0,4400,4600,4500,"st5"
"(4.4e+03,4.6e+03]","bv55c9",0,4400,4600,4500,"st5"
"(4.4e+03,4.6e+03]","bv55c9",0,4400,4600,4500,"st5"
"(4.4e+03,4.6e+03]","bv55c9",0,4400,4600,4500,"st5"
"(4.4e+03,4.6e+03]","bv55c9",0,4400,4600,4500,"st5"
"(4.6e+03,4.73e+03]","bv55c9",0.459045336769308,4600,4730,4665,"st5"
"(4.6e+03,4.73e+03]","bv55c9",0,4600,4730,4665,"st5"
"(4.6e+03,4.73e+03]","bv55c9",0,4600,4730,4665,"st5"
"(4.6e+03,4.73e+03]","bv55c9",0,4600,4730,4665,"st5"
"(4.6e+03,4.73e+03]","bv55c9",0,4600,4730,4665,"st5"
"(40,80]","bv55c9",0.588488599554908,40,80,60,"st5"
"(40,80]","bv55c9",9.83838033464027,40,80,60,"st5"
"(40,80]","bv55c9",0.922744422198505,40,80,60,"st5"
"(40,80]","bv55c9",2.03773452648636,40,80,60,"st5"
"(40,80]","bv55c9",0,40,80,60,"st5"
"(400,500]","bv55c9",13.9225212559416,400,500,450,"st5"
"(400,500]","bv55c9",2.24099345804711,400,500,450,"st5"
"(400,500]","bv55c9",0,400,500,450,"st5"
"(400,500]","bv55c9",0,400,500,450,"st5"
"(400,500]","bv55c9",0,400,500,450,"st5"
"(4e+03,4.2e+03]","bv55c9",7.45007827153896,4000,4200,4100,"st5"
"(4e+03,4.2e+03]","bv55c9",0,4000,4200,4100,"st5"
"(4e+03,4.2e+03]","bv55c9",0,4000,4200,4100,"st5"
"(4e+03,4.2e+03]","bv55c9",0,4000,4200,4100,"st5"
"(4e+03,4.2e+03]","bv55c9",0,4000,4200,4100,"st5"
"(500,600]","bv55c9",254.770328902951,500,600,550,"st5"
"(500,600]","bv55c9",7.69365621615712,500,600,550,"st5"
"(500,600]","bv55c9",0,500,600,550,"st5"
"(500,600]","bv55c9",0,500,600,550,"st5"
"(500,600]","bv55c9",0,500,600,550,"st5"
"(600,700]","bv55c9",0.594962866665232,600,700,650,"st5"
"(600,700]","bv55c9",0,600,700,650,"st5"
"(600,700]","bv55c9",0,600,700,650,"st5"
"(600,700]","bv55c9",0,600,700,650,"st5"
"(600,700]","bv55c9",0,600,700,650,"st5"
"(700,800]","bv55c9",4.82295890198244,700,800,750,"st5"
"(700,800]","bv55c9",0,700,800,750,"st5"
"(700,800]","bv55c9",0,700,800,750,"st5"
"(700,800]","bv55c9",0,700,800,750,"st5"
"(700,800]","bv55c9",0,700,800,750,"st5"
"(80,120]","bv55c9",80.1266935326716,80,120,100,"st5"
"(80,120]","bv55c9",0.445502163797773,80,120,100,"st5"
"(80,120]","bv55c9",0,80,120,100,"st5"
"(80,120]","bv55c9",0,80,120,100,"st5"
"(80,120]","bv55c9",0,80,120,100,"st5"
"(800,900]","bv55c9",0.796797031845808,800,900,850,"st5"
"(800,900]","bv55c9",0,800,900,850,"st5"
"(800,900]","bv55c9",0,800,900,850,"st5"
"(800,900]","bv55c9",0,800,900,850,"st5"
"(800,900]","bv55c9",0,800,900,850,"st5"
"(900,1e+03]","bv55c9",0,900,1000,950,"st5"
"(900,1e+03]","bv55c9",0,900,1000,950,"st5"
"(900,1e+03]","bv55c9",0,900,1000,950,"st5"
"(900,1e+03]","bv55c9",0,900,1000,950,"st5"
"(900,1e+03]","bv55c9",0,900,1000,950,"st5"
"(0,40]","bv55c10",7.37455085163458,0,40,20,"st5"
"(0,40]","bv55c10",28.8251685370428,0,40,20,"st5"
"(0,40]","bv55c10",5.36800242873395,0,40,20,"st5"
"(0,40]","bv55c10",1.3865187259906,0,40,20,"st5"
"(0,40]","bv55c10",0,0,40,20,"st5"
"(1.1e+03,1.2e+03]","bv55c10",0.189485166163098,1100,1200,1150,"st5"
"(1.1e+03,1.2e+03]","bv55c10",0.378077450659775,1100,1200,1150,"st5"
"(1.1e+03,1.2e+03]","bv55c10",0,1100,1200,1150,"st5"
"(1.1e+03,1.2e+03]","bv55c10",0,1100,1200,1150,"st5"
"(1.1e+03,1.2e+03]","bv55c10",0,1100,1200,1150,"st5"
"(1.2e+03,1.3e+03]","bv55c10",0,1200,1300,1250,"st5"
"(1.2e+03,1.3e+03]","bv55c10",0,1200,1300,1250,"st5"
"(1.2e+03,1.3e+03]","bv55c10",0,1200,1300,1250,"st5"
"(1.2e+03,1.3e+03]","bv55c10",0,1200,1300,1250,"st5"
"(1.2e+03,1.3e+03]","bv55c10",0,1200,1300,1250,"st5"
"(120,160]","bv55c10",0.207882076351303,120,160,140,"st5"
"(120,160]","bv55c10",0,120,160,140,"st5"
"(120,160]","bv55c10",0,120,160,140,"st5"
"(120,160]","bv55c10",0,120,160,140,"st5"
"(120,160]","bv55c10",0,120,160,140,"st5"
"(160,200]","bv55c10",0,160,200,180,"st5"
"(160,200]","bv55c10",0,160,200,180,"st5"
"(160,200]","bv55c10",0,160,200,180,"st5"
"(160,200]","bv55c10",0,160,200,180,"st5"
"(160,200]","bv55c10",0,160,200,180,"st5"
"(1e+03,1.1e+03]","bv55c10",0,1000,1100,1050,"st5"
"(1e+03,1.1e+03]","bv55c10",0,1000,1100,1050,"st5"
"(1e+03,1.1e+03]","bv55c10",0,1000,1100,1050,"st5"
"(1e+03,1.1e+03]","bv55c10",0,1000,1100,1050,"st5"
"(1e+03,1.1e+03]","bv55c10",0,1000,1100,1050,"st5"
"(200,300]","bv55c10",1.57076799437316,200,300,250,"st5"
"(200,300]","bv55c10",0,200,300,250,"st5"
"(200,300]","bv55c10",0,200,300,250,"st5"
"(200,300]","bv55c10",0,200,300,250,"st5"
"(200,300]","bv55c10",0,200,300,250,"st5"
"(300,400]","bv55c10",0,300,400,350,"st5"
"(300,400]","bv55c10",0,300,400,350,"st5"
"(300,400]","bv55c10",0,300,400,350,"st5"
"(300,400]","bv55c10",0,300,400,350,"st5"
"(300,400]","bv55c10",0,300,400,350,"st5"
"(40,80]","bv55c10",12.5622132109599,40,80,60,"st5"
"(40,80]","bv55c10",0,40,80,60,"st5"
"(40,80]","bv55c10",0,40,80,60,"st5"
"(40,80]","bv55c10",0,40,80,60,"st5"
"(40,80]","bv55c10",0,40,80,60,"st5"
"(400,500]","bv55c10",0.272222829756896,400,500,450,"st5"
"(400,500]","bv55c10",0,400,500,450,"st5"
"(400,500]","bv55c10",0,400,500,450,"st5"
"(400,500]","bv55c10",0,400,500,450,"st5"
"(400,500]","bv55c10",0,400,500,450,"st5"
"(500,600]","bv55c10",0,500,600,550,"st5"
"(500,600]","bv55c10",0,500,600,550,"st5"
"(500,600]","bv55c10",0,500,600,550,"st5"
"(500,600]","bv55c10",0,500,600,550,"st5"
"(500,600]","bv55c10",0,500,600,550,"st5"
"(600,700]","bv55c10",24.76105959569,600,700,650,"st5"
"(600,700]","bv55c10",0,600,700,650,"st5"
"(600,700]","bv55c10",0,600,700,650,"st5"
"(600,700]","bv55c10",0,600,700,650,"st5"
"(600,700]","bv55c10",0,600,700,650,"st5"
"(700,800]","bv55c10",0.466772717605321,700,800,750,"st5"
"(700,800]","bv55c10",0.807442663863507,700,800,750,"st5"
"(700,800]","bv55c10",0,700,800,750,"st5"
"(700,800]","bv55c10",0,700,800,750,"st5"
"(700,800]","bv55c10",0,700,800,750,"st5"
"(80,120]","bv55c10",1.6431111902096,80,120,100,"st5"
"(80,120]","bv55c10",0,80,120,100,"st5"
"(80,120]","bv55c10",0,80,120,100,"st5"
"(80,120]","bv55c10",0,80,120,100,"st5"
"(80,120]","bv55c10",0,80,120,100,"st5"
"(800,900]","bv55c10",0.11432583741717,800,900,850,"st5"
"(800,900]","bv55c10",0,800,900,850,"st5"
"(800,900]","bv55c10",0,800,900,850,"st5"
"(800,900]","bv55c10",0,800,900,850,"st5"
"(800,900]","bv55c10",0,800,900,850,"st5"
"(900,1e+03]","bv55c10",2.27813709196794,900,1000,950,"st5"
"(900,1e+03]","bv55c10",0,900,1000,950,"st5"
"(900,1e+03]","bv55c10",0,900,1000,950,"st5"
"(900,1e+03]","bv55c10",0,900,1000,950,"st5"
"(900,1e+03]","bv55c10",0,900,1000,950,"st5"
